,MOL_molhash_id,MOL_smiles,EGFR,KIT,RET,LOK,SLK,CLS_EGFR,CLS_KIT,CLS_RET,CLS_LOK,CLS_SLK
0,d0a4aabb6c7436e20e615c345480cccf1082bdd0,O=C(Nc1n[nH]c2nc(-c3ccccc3)c(Br)cc12)C1CC1,1.0,31.0,74.0,0.0,20.0,0.0,0.0,0.0,0.0,0.0
1,165dc6f18fd91ef792df42d92e2b49b32ec4659c,O=C(Nc1n[nH]c2nc(-c3cccs3)c(Br)cc12)C1CC1,0.0,5.0,0.0,18.0,7.0,0.0,0.0,0.0,0.0,0.0
2,68ea90085fa6457ee7154a68c2ba5290cb1e25f7,O=C(Nc1n[nH]c2nc(-c3nccs3)c(Br)cc12)C1CC1,0.0,1.0,12.0,0.0,0.0,0.0,0.0,0.0,0.0,0.0
3,1f1ccac92a895257b046dc6408405017a66141fe,O=C(Nc1n[nH]c2nc(-c3cccs3)c(Br)cc12)C1CCCC1,1.0,36.0,16.0,26.0,38.0,0.0,0.0,0.0,0.0,0.0
4,2c5328120721e7816c0caa3fa559c631e1a4facd,O=C(Nc1n[nH]c2nc(-c3nccs3)c(Br)cc12)C1CCCC1,32.0,7.0,0.0,0.0,7.0,0.0,0.0,0.0,0.0,0.0
5,16f3380aa83e9c9668bbf633b22c5fea4be9c1e4,c1ccc(Oc2ccc(Nc3ccnc4cc(-c5ccc(CNCCN6CCOCC6)o5)ccc34)cc2)nc1,39.0,79.0,5.0,30.0,8.0,0.0,0.0,0.0,0.0,0.0
6,beb36d06de690256b2900e3d4308994d036ae786,c1ccc(Oc2ccc(Nc3ccnc4cc(-c5ccc(CN6CCCCC6)o5)ccc34)cc2)nc1,55.0,96.5,11.0,39.0,36.0,0.0,1.0,0.0,0.0,0.0
7,d5c65de5800756901aa222867c0f052f1f1720ce,c1ccc(-c2ccc3c(-c4ccnc(Nc5ccc6c(c5)OCCO6)n4)cnn3n2)cc1,14.0,10.0,1.0,17.0,20.0,0.0,0.0,0.0,0.0,0.0
8,3eef80e9831f038021c2a01e8ddcae2937fc8def,CC(=O)Nc1cn2nc(Oc3cccc(NC(=O)c4cccc(C(F)(F)F)c4)c3)ccc2n1,58.0,100.0,100.0,90.1,21.0,0.0,1.0,1.0,1.0,0.0
9,7e62c087dcf9b12faeacb842cd4f3e3457cf9bff,CC(=O)Nc1nc2cnc(Nc3cc(NC(=O)c4cccc(C5(C#N)CC5)c4Cl)ccc3C)nc2s1,0.0,99.8,99.6,54.0,23.0,0.0,1.0,1.0,0.0,0.0
10,fa05b9ee3319512fb46e0c3b1ce888d89a331df5,CC(=O)Nc1nc2cnc(Nc3cc(NC(=O)c4cccc(CC(C)(C)C#N)c4)ccc3C)nc2s1,0.0,100.0,99.7,55.0,1.0,0.0,1.0,1.0,0.0,0.0
11,d4beb8b3bf88c2efa4206a370e3287019eb883ef,CC(=O)Nc1nc2cnc(Nc3cc(NC(=O)c4cccc(CCC#N)c4)ccc3C)nc2s1,6.0,99.7,51.0,0.0,14.0,0.0,1.0,0.0,0.0,0.0
12,1fddecc247649e5a2bc4889099676abb0b7d459c,CC(=O)Nc1n[nH]c2ncc(-c3ccccc3)cc12,3.0,67.0,0.0,0.0,20.0,0.0,0.0,0.0,0.0,0.0
13,69623777038bdec989faccb06311e686e6d6b2e4,CC(=O)c1c(-c2ccncc2)[nH]c(-c2ccncc2)c1C,37.0,0.0,26.0,0.0,0.0,0.0,0.0,0.0,0.0,0.0
14,5ca26b880dfd5fc0bc867b4c38bfee91079e5da9,CC(=O)c1cccc(NC(=O)NC2CCN(c3ccnc(Nc4ccc(F)cc4)n3)C2)c1,18.0,49.0,0.0,0.0,2.0,0.0,0.0,0.0,0.0,0.0
15,b566bfbb13ef5915efcf0ffb3baf145d019ef98f,CC(C(=O)NC1CCN(c2ccnc(Nc3ccc(F)cc3)n2)C1)c1ccc(Cl)cc1,28.0,10.0,0.0,0.0,17.0,0.0,0.0,0.0,0.0,0.0
16,098a4b08107171ff9c80aa4c5f378177802c7b85,CC(C)(C)c1ccc(C(=O)Nc2cn3cc(-c4ccccc4)ccc3n2)cc1,5.0,92.6,0.0,0.0,9.0,0.0,1.0,0.0,0.0,0.0
17,e24d9bedc5292d00b7993fd0d6c13dff8faa2e0a,CC(C)(C)c1ccc(C(=O)Nc2cn3cc(-c4cccnc4)ccc3n2)cc1,17.0,91.5,14.0,79.0,19.0,0.0,1.0,0.0,0.0,0.0
18,9bb6f74122e7fdbeb10c48fa78b12dd261ac9531,CC(C)(C)c1ccc(C(=O)Nc2cn3cc(-n4ccnc4)ccc3n2)cc1,9.0,98.4,0.0,0.0,6.0,0.0,1.0,0.0,0.0,0.0
19,7ec5a8ac848ff8f3f64d643dae1986e6817431e5,CC(C)(C)c1ccc(C(=O)Nc2cn3cc(Cl)ccc3n2)cc1,0.0,74.0,0.0,8.0,24.0,0.0,0.0,0.0,0.0,0.0
20,73e76d1dbdd805487a4f446d6b02729177e3a32e,CC(C)(C)OC(=O)NC1CCCN(c2cc(-c3ccc4c(N)n[nH]c4c3)nc(N)n2)C1,27.0,8.0,0.0,0.0,0.0,0.0,0.0,0.0,0.0,0.0
21,af6ae3db9f301e92cf9cc859cef96af3e0e88e1a,CC(C)(C)c1ccc(-n2cnc3c(N)ncnc32)cc1,38.0,38.0,8.0,2.0,13.0,0.0,0.0,0.0,0.0,0.0
22,8149fe18f5d75f6fc8987e32ebeba99413b1b0df,CC(C)(C)c1ccc2nccc(Nc3cccc(O)c3)c2c1,63.0,26.0,94.7,0.0,55.0,0.0,0.0,1.0,0.0,0.0
23,79df8e95f7f5341cdbcec09fe17feebb34e45bd0,CC(C)(C)n1cnc2c(N)ncnc21,39.0,0.0,19.0,0.0,0.0,0.0,0.0,0.0,0.0,0.0
24,9efd1abb517086fed3b1bf6d7fccfc3882386729,CC(C)N1CCC(n2cnc(-c3ccc(F)cc3)c2-c2ccnc(N)n2)CC1,10.0,0.0,2.0,0.0,12.0,0.0,0.0,0.0,0.0,0.0
25,c9baf640fe90f5d386799eba90cfc1ba47dd7c0e,CC(C)Nc1cc(-c2ccc3c(N)n[nH]c3c2)nc(N)n1,58.0,12.0,0.0,0.0,4.0,0.0,0.0,0.0,0.0,0.0
26,6391613fbb01492cb26a231f36b50a0cf18be27c,CC(C)Oc1ccc2c(-c3ccnc(Nc4ccc(N5CCN(C)CC5)cc4)n3)cnn2n1,50.0,91.1,56.0,0.0,10.0,0.0,1.0,0.0,0.0,0.0
27,2b346bba6b36b0c5a9278e642fffa4332913694a,CC(C)S(=O)(=O)N1CCN(Cc2ccc3c(c2)nc(NC(=O)c2ccsc2)n3C[C@H](O)c2ccccc2)CC1,20.0,87.0,44.0,0.0,33.0,0.0,1.0,0.0,0.0,0.0
28,8e80eaaac2f76309e798cfbe221f439672db62dd,CC(C)c1cc(-c2ccc3c(N)n[nH]c3c2)nc(N)n1,17.0,9.0,0.0,0.0,14.0,0.0,0.0,0.0,0.0,0.0
29,8911dcf67545e15dc2460383e296270a61e400f1,CC(C)c1ccc(O)cc1Nc1ccnc2ccc(C(F)(F)F)cc12,37.0,0.0,38.0,0.0,9.0,0.0,0.0,0.0,0.0,0.0
30,578868c28cd5d8eda652cab99a1b38f396322f4d,CC(=O)N1CCN(c2ccc(Nc3nccc(-c4sc(C(C)C)nc4-c4cccc(NS(=O)(=O)c5cccc(Cl)c5)c4)n3)cn2)CC1,86.0,96.1,54.0,96.8,72.0,1.0,1.0,0.0,1.0,0.0
31,ce6c99425c3a1b8e93680814bb42073e6348e63b,CC(C)c1nc(-c2ccc(F)c(NS(=O)(=O)c3c(F)cccc3F)c2)c(-c2ccnc(Nc3ccc(N4CCOCC4)nc3)n2)s1,82.0,97.8,89.0,99.3,91.4,1.0,1.0,1.0,1.0,1.0
32,a0d6d1d9479ea3fbc5401acda99aa36745425cc9,CC(C)c1nc(-c2cccc(NS(=O)(=O)c3c(F)cccc3F)c2F)c(-c2ccnc(Nc3ccc(N4CCOCC4)nc3)n2)s1,94.3,99.9,99.7,99.8,97.0,1.0,1.0,1.0,1.0,1.0
33,b757b87e0ae65dbc5e92f2133240c4648350fa43,CC(C)c1nc(-c2cccc(NS(=O)(=O)c3ccccc3)c2)c(-c2ccnc(Nc3ccc4c(c3)CN(C)CC4)n2)s1,84.0,99.9,95.4,97.5,88.0,1.0,1.0,1.0,1.0,1.0
34,6b3e1da52fbc5e8d218c056d8b731968d5290e9a,CC(=O)c1c(C)c2cnc(Nc3ccc(N4CCNCC4)cn3)nc2n(C2CCCC2)c1=O,4.0,0.0,0.0,0.0,0.0,0.0,0.0,0.0,0.0,0.0
35,7b48bb03a57eae487be263ecb9f1d60ec39cca1d,CC(=O)c1c(C)c2cnc(Nc3ccn(C)n3)nc2n(C2CCCC2)c1=O,5.0,0.0,5.0,15.0,34.0,0.0,0.0,0.0,0.0,0.0
36,d56da9daf0b5984b89a001737927885077b46710,Cc1nnc(-c2ccc3occ(-c4ccc(C(C)O)cc4)c3c2)o1,28.0,11.0,11.0,4.0,14.0,0.0,0.0,0.0,0.0,0.0
37,e3a3c7395fbf4796912509b39d943f9afaefe986,CC1=C(C(=O)Nc2cc3cn[nH]c3cc2F)C(c2ccc(C(F)(F)F)cc2)CC(=O)N1,33.0,9.0,44.0,0.0,1.0,0.0,0.0,0.0,0.0,0.0
38,5ba588caf3cd74d5d15203b1e20917dacd18f08d,Cc1cc(C(=O)Nc2ccc(Oc3ccc4nc(NC(=O)C5CC5)cn4n3)cc2)nn1-c1ccccc1,0.0,100.0,81.0,91.7,0.0,0.0,1.0,1.0,1.0,0.0
39,776c474f0f500feb28e45e847ba8a32e8ebc2246,Cc1ccc(C(=O)N2CC[C@@H](O)C2)cc1-n1c(C)cc(OCc2ccc(F)cc2F)c(Br)c1=O,0.0,87.0,10.0,0.0,0.0,0.0,1.0,0.0,0.0,0.0
40,797cb54f70a20531793a9ec368ea21e15ad2caa5,CNC(=O)c1ccc(C)c(-n2c(C)cc(OCc3ccc(F)cc3F)c(Br)c2=O)c1,0.0,0.0,0.0,0.0,0.0,0.0,0.0,0.0,0.0,0.0
41,8ccb064ffa2c513a01adb15f4a133d68c0b88692,Cc1ccc(C(=O)Nc2ccc(Oc3ccc4nc(NC(=O)C5CC5)cn4c3)c(F)c2)c(=O)n1-c1ccccc1,0.0,100.0,100.0,99.9,79.0,0.0,1.0,1.0,1.0,0.0
42,e0ee3cdbf74a860b59237d4ff3e8d9903c96d1b1,Cc1ccc(-c2ccc3occ(-c4ccc([S+](C)[O-])cc4)c3c2)nn1,0.0,0.0,0.0,0.0,12.0,0.0,0.0,0.0,0.0,0.0
43,d2972b14f897e189828de7fb2e61c62e9a5f207e,Cc1ccc(Oc2ccc(Nc3ncnc4cc[nH]c34)cc2C)cn1,71.0,16.0,8.0,1.0,10.0,0.0,0.0,0.0,0.0,0.0
44,76bd2c75d3a79829339efa962a7fc8ae2102ee76,Cc1cccc(-c2nc(-c3ccc(S(C)(=O)=O)cc3)sc2-c2ccnc(NCCc3ccccc3)c2)c1,0.0,98.4,30.0,0.0,7.0,0.0,1.0,0.0,0.0,0.0
45,1b25952df5b4cfbac5fdf321b21fb555186c6842,Cc1cccc(-c2nc(-c3ccc(S(C)(=O)=O)cc3)sc2-c2ccncc2)c1,0.0,18.0,14.0,0.0,26.0,0.0,0.0,0.0,0.0,0.0
46,4d07815572089be8e7f8d2e687d5119bb1112342,Cc1nnc(-c2ccc3occ(-c4ccc([S+](C)[O-])cc4)c3c2)[nH]1,0.0,20.0,31.0,98.7,50.0,0.0,0.0,0.0,1.0,0.0
47,b63cfaeb0636e86555790d2248a2aef948c1e869,Cc1nnc(-c2ccc3ncn(-c4ccc([S+](C)[O-])cc4)c3c2)o1,0.0,29.0,7.0,4.0,14.0,0.0,0.0,0.0,0.0,0.0
48,a2d6bf9c8afa039b0a8cc2642650c6b1adb9f56a,Cc1nnc(-c2ccc3occ(-c4ccc([S+](C)[O-])cc4)c3n2)o1,0.0,0.0,0.0,0.0,0.0,0.0,0.0,0.0,0.0,0.0
49,d667ff1f32281708904a5b81ac72c0e570fb14b4,Cc1nnc(-c2ccc3ncc(-c4ccc([S+](C)[O-])cc4)n3c2)o1,9.0,59.0,9.0,0.0,14.0,0.0,0.0,0.0,0.0,0.0
50,f869f33b9a2bfd81c3c8690972da9fa62aaf19a7,Cc1c(Cn2c(C)nn3c(=O)cc(N4CCOC(C)C4)nc23)cccc1C(F)(F)F,34.0,1.0,1.0,0.0,7.0,0.0,0.0,0.0,0.0,0.0
51,15887192385359e07c3804c58da7c652a512da51,CCC(=O)c1c(-c2ccccc2)c2cc(Cl)ccc2c(=O)n1Cc1ccc(C(=O)O)cc1,0.0,39.0,0.0,0.0,0.0,0.0,0.0,0.0,0.0,0.0
52,4260b0934da202799ff7d13310fc28e0cd51cb8b,CCC(=O)c1c(-c2ccccc2)c2cc(Cl)ccc2c(=O)n1Cc1cc(C(=O)NC2CC2)n(C)n1,0.0,58.0,0.0,19.0,0.0,0.0,0.0,0.0,0.0,0.0
53,0d2474ffcb784b89e0b816b6f80920254ea41a3d,CCC(=O)c1c(-c2ccccc2)c2cc(Cl)ccc2c(=O)n1Cc1cc(S(C)(=O)=O)n(CC(F)F)n1,1.0,5.0,0.0,0.0,0.0,0.0,0.0,0.0,0.0,0.0
54,b43a7eaa0abf0e00a8dbea0f0cb9217f6ce9e49f,CCC(=O)c1c(-c2ccccc2)c2cc(Cl)ccc2c(=O)n1Cc1cc(S(C)(=O)=O)n(CC(N)=O)n1,0.0,6.0,1.0,0.0,0.0,0.0,0.0,0.0,0.0,0.0
55,a9fdd7e2cc5adb2c8a0494520d41e1f561adf174,CCC(=O)c1c(-c2ccccc2)c2cc(Cl)ccc2c(=O)n1Cc1cc(S(C)(=O)=O)n(CCC(C)(C)O)n1,31.0,11.0,14.0,16.0,21.0,0.0,0.0,0.0,0.0,0.0
56,a1cb519ba8e05483f736a61dcb916b60eccd0eb6,CCC(CC)(CC)n1cnc2c(N)ncnc21,0.0,0.0,4.0,23.0,24.0,0.0,0.0,0.0,0.0,0.0
57,f2382ce824b48ac5450325f666d1d543248a67a3,CCc1ccc(-c2ccc3c(c2)-c2c(cnn2C)S(=O)(=O)N3C)cc1,15.0,2.0,5.0,16.0,0.0,0.0,0.0,0.0,0.0,0.0
58,bfee652843117f35c64cd6601f8b30dd13860195,CCc1ccc(-c2ccc3c(c2)-c2n[nH]cc2S(=O)(=O)N3C)cc1,0.0,7.0,25.0,3.0,0.0,0.0,0.0,0.0,0.0,0.0
59,00ce22675baee4118bdef97818a6ba9214afb3db,CCc1ccc(-c2ccc3c(c2)-c2nn(C)cc2S(=O)(=O)N3C)cc1,0.0,0.0,16.0,2.0,12.0,0.0,0.0,0.0,0.0,0.0
60,a75a88f35372da5e1203eff7bcdfc084a308ed29,CCc1nc(-c2cccc(C)c2)c(-c2ccnc(NC(=O)c3ccccc3)c2)s1,24.0,21.0,0.0,11.0,0.0,0.0,0.0,0.0,0.0,0.0
61,62fa4581a9269319414e49c3432d4d8b7f7e569a,CCc1nc(-c2cccc(C)c2)c(-c2ccnc(NCc3ccccc3)c2)s1,0.0,26.0,4.0,19.0,7.0,0.0,0.0,0.0,0.0,0.0
62,e9914447ac9b9647944435da188ecb27156e1dcb,CCc1nc(-c2cccc(C)c2)c(-c2ccncc2)s1,0.0,42.0,0.0,0.0,26.0,0.0,0.0,0.0,0.0,0.0
63,303814fbc4c3b180c54c516086bdc34c6232d4ea,CCCC(=O)Nc1n[nH]c2ncc(-c3cccc4ccccc34)cc12,20.0,12.0,33.0,0.0,14.0,0.0,0.0,0.0,0.0,0.0
64,3767e8723529fecf58e6fd876f9516ededa57dc5,CCCC(=O)Nc1n[nH]c2ncccc12,11.0,0.0,0.0,3.0,0.0,0.0,0.0,0.0,0.0,0.0
65,9c6fcbe530b97db57c5c47be5d3932708bfbbbb9,CCCCCc1nc2c(N)ncnc2n1CCCCC,0.0,17.0,0.0,14.0,8.0,0.0,0.0,0.0,0.0,0.0
66,d35ea2635bd5c89409747e87e0b98bc573f5f2c7,CCCCc1nn2ncccc2c1-c1ccnc(NC2CC2)n1,26.0,67.0,0.0,0.0,0.0,0.0,0.0,0.0,0.0,0.0
67,7b777ac179823dd5c36a6061ffa99d9aa7b13d9f,CCCCc1nn2ncccc2c1-c1ccnc(Nc2ccc(N3CCN(C)CC3)cc2)n1,81.0,100.0,99.5,60.0,69.0,1.0,1.0,1.0,0.0,0.0
68,e90fcb3118d301e7000a8dafdb6b346984cc5985,CCCNC(=O)Nc1ccc(Oc2ncnc3ccn(C)c23)cc1,15.0,89.0,8.0,47.0,0.0,0.0,1.0,0.0,0.0,0.0
69,d20583d5d46548fb0aace0a1c81cc2982d42907c,CCCc1ccc(S(=O)(=O)NC2CCN(c3ccnc(Nc4ccc(F)cc4)n3)C2)cc1,0.0,12.0,16.0,0.0,0.0,0.0,0.0,0.0,0.0,0.0
70,55b0635db0e66b0d81411c64aa793ea5fe3454fd,CCCc1ccc(S(=O)(=O)NC2CCN(c3ccnc(Nc4ccc(OC)cc4)n3)C2)cc1,32.0,37.0,28.0,0.0,15.0,0.0,0.0,0.0,0.0,0.0
71,9ba01547b5c65fa0e2a099c7ab79fe5017378b69,CCN(CC)CCCCNc1ncc2cc(-c3c(Cl)cccc3Cl)c(NC(=O)NC(C)(C)C)nc2n1,52.0,100.0,96.5,80.0,77.0,0.0,1.0,1.0,1.0,0.0
72,f5aa602e81d1f68d056fcfaf7694ed18d3145c74,CCN(CC)CCOc1ccc(Nc2ncc3cc(-c4c(Cl)cccc4Cl)c(=O)n(C)c3n2)cc1,88.0,100.0,100.0,99.3,99.3,1.0,1.0,1.0,1.0,1.0
73,bacdecd690af2c8ad26357e76f86326219dd016b,CCN1CCN(CCCC(=O)Nc2n[nH]c3nc(-c4ccc(O)cc4)c(Br)cc23)CC1,0.0,31.0,23.0,13.0,78.0,0.0,0.0,0.0,0.0,0.0
74,5f2c32cfa9f3bfb64b09c9f67d30b1e6680daa39,CCNc1nccc(-c2c(-c3ccc(F)cc3)ncn2C2CCN(C)CC2)n1,0.0,0.0,0.0,0.0,13.0,0.0,0.0,0.0,0.0,0.0
75,60f9c06040b7756f0150b5f0438fe319a59ade1d,CCOC(=O)N1CCC(n2cnc(-c3ccc(F)cc3)c2-c2ccnc(N)n2)CC1,32.0,40.0,30.0,100.0,0.0,0.0,0.0,0.0,1.0,0.0
76,d09a2c2dd02c453642a9fdf1b6aab27b693fc6ab,CCOc1nccc(-c2c(-c3ccc(F)cc3)ncn2C2CCNCC2)n1,9.0,17.0,32.0,0.0,71.0,0.0,0.0,0.0,0.0,0.0
77,12338d184fe24a75c9f61adb82c5920fb772d38c,CCS(=O)(=O)c1ccc(OC)c(Nc2nccc(-c3c(-c4cccc(NC(=O)c5c(F)cccc5F)c4)nn4ncccc34)n2)c1,99.3,32.0,20.0,92.1,54.0,1.0,0.0,0.0,1.0,0.0
78,4c74cdfd1848841343582457bf93881104c7e76d,CC[S+]([O-])c1ccc(-c2coc3ccc(-c4nnc(C)o4)cc23)cc1,5.0,5.0,0.0,17.0,0.0,0.0,0.0,0.0,0.0,0.0
79,c15ad2e092b1abdcd305b895e7fffce1bafbcef8,CC[C@@H]1CO[C@H](C(=O)Nc2ccccc2)CN1c1cc(-c2ccc3c(N)n[nH]c3c2)nc(NC)n1,71.0,17.0,11.0,0.0,16.0,0.0,0.0,0.0,0.0,0.0
80,26412805aa62753c66f0b0dade474c0d1c83ebe9,CC[C@@]1(F)CN(C2CCCC2)c2nc(Nc3ccc(C(=O)NC4CCN(C)CC4)cc3OC)ncc2N(C)C1=O,44.0,7.0,3.0,11.0,33.0,0.0,0.0,0.0,0.0,0.0
81,af7b448b2c5da26785b2029ee56a8ff463e79883,CC[C@]1(F)CN(C2CCCC2)c2nc(Nc3ccc(C(=O)NC4CCN(C)CC4)cc3OC)ncc2N(C)C1=O,28.0,7.0,8.0,36.0,38.0,0.0,0.0,0.0,0.0,0.0
82,acaf1d39ec34c8cb29d72be0b99b099db6047d1b,CCc1nc(-c2cccc(N(C)S(=O)(=O)c3ccccc3)c2)c(-c2ccnc(Nc3ccc(N4CCN(C(C)=O)CC4)nc3)n2)s1,79.0,19.0,0.0,15.0,3.0,0.0,0.0,0.0,0.0,0.0
83,0d55d700da5f4ec421c2f5d1c952243905cfa170,CCn1c(-c2nonc2N)nc2c(C#CC(C)(C)O)nc(OC[C@H](N)c3ccccc3)cc21,12.0,0.0,10.0,1.0,6.0,0.0,0.0,0.0,0.0,0.0
84,8a56aad64d3473133eed1ec54ef8377d25df00d2,CCn1c(-c2nonc2N)nc2ccccc21,0.0,0.0,22.0,11.0,20.0,0.0,0.0,0.0,0.0,0.0
85,406e310c80ae8802a457b27b8e2ba24119ca782c,CCn1c(-c2nonc2N)nc2cncc(Br)c21,15.0,32.0,26.0,9.0,0.0,0.0,0.0,0.0,0.0,0.0
86,a09bcd764e9608278974295ece75738cd1b15c28,CCn1c(-c2c(N)noc2C)nc2cnccc21,24.0,0.0,0.0,0.0,4.0,0.0,0.0,0.0,0.0,0.0
87,914c730071bdc3badd2b6ca5dc7bfd5a741fcec7,CCn1c(-c2ccccc2)nc2cnccc21,37.0,8.0,23.0,0.0,28.0,0.0,0.0,0.0,0.0,0.0
88,fa44841979f27c358b51ab25fb89cccdbe6ba19d,CCn1c(-c2ccccn2)nc2cnccc21,15.0,0.0,24.0,0.0,8.0,0.0,0.0,0.0,0.0,0.0
89,5e4aca844a3d2b0bbdd115c85f9da0fe4e60c82a,CCn1c(-c2cccnc2O)nc2cnccc21,7.0,0.0,5.0,0.0,0.0,0.0,0.0,0.0,0.0,0.0
90,aaee30666f55813f5a7abdedb07d6a0d397d5bbe,CCn1c(-c2ccncc2)nc2cnccc21,0.0,0.0,0.0,0.0,8.0,0.0,0.0,0.0,0.0,0.0
91,d0d4069a32975ba19847dc26fca07351ca8cdcf4,CCn1c(-c2ccoc2)nc2cnccc21,24.0,5.0,1.0,0.0,25.0,0.0,0.0,0.0,0.0,0.0
92,8cc7cea26ec8e6b7f25cc71c508e9ed4fcd44982,CCn1cnc2c(N)ncnc21,15.0,20.0,0.0,25.0,18.0,0.0,0.0,0.0,0.0,0.0
93,586596235a772c71ff72f8a3ac1c622ef7041476,CCn1cnc2c(NCc3ccccc3)ncnc21,0.0,0.0,0.0,5.0,0.0,0.0,0.0,0.0,0.0,0.0
94,5709e4e65cbc085343f1112d22b1c585b1556352,CN(C)CC(O)COc1ccc(Nc2nccc(-c3cnn4nc(N5CCOCC5)ccc34)n2)cc1,17.0,45.0,17.0,0.0,0.0,0.0,0.0,0.0,0.0,0.0
95,6a357b1c316605e9b4d2d1890e026285e0febb33,CN(C)CCNS(=O)(=O)c1ccc(-c2ccnc3[nH]ccc23)cc1,37.0,9.0,2.0,0.0,71.0,0.0,0.0,0.0,0.0,0.0
96,4b6c5d7f88fa85bcbe741d3ce62d3ee03851aa15,CN(C)CCOc1ccc(-c2cc(-c3c[nH]nc3-c3ccccn3)ccn2)cc1,28.0,38.0,36.0,21.0,36.0,0.0,0.0,0.0,0.0,0.0
97,21a5af00b0e8253bb68dc742dce8c03440447fc6,CN(C)Cc1ccc(-c2ccc3c(Nc4ccc(Oc5ccccn5)cc4)ccnc3c2)o1,53.0,92.8,1.0,52.0,31.0,0.0,1.0,0.0,0.0,0.0
98,54f48fe8b94b50ee4456050a7d1a27b0b619dbb9,CN(C)S(=O)(=O)c1cc(-c2ccc3nccc(-c4cccc(S(N)(=O)=O)c4)c3c2)cnc1N,18.0,21.0,58.0,0.0,2.0,0.0,0.0,0.0,0.0,0.0
99,e26631f33fbb7e4c41d6f1ff05736f2f07028e00,CN(C)c1cc(-c2ccc3c(N)n[nH]c3c2)nc(N)n1,43.0,7.0,0.0,0.0,13.0,0.0,0.0,0.0,0.0,0.0
100,510c993e7fe9bd51b8e720a1b5629156e33e5399,CN(C)c1ncnc2nc[nH]c12,0.0,0.0,0.0,2.0,0.0,0.0,0.0,0.0,0.0,0.0
101,8c87c787dbf546fd1f26f7e700e294f8824fbf69,CN(C1=C(c2ccccc2)C(=O)NC1=O)c1ccccc1,27.0,16.0,0.0,1.0,10.0,0.0,0.0,0.0,0.0,0.0
102,8e09ffd582100bde1d60f1fef3901a10a063d449,CN(c1ccc(F)c(NC(=O)c2cccc(OC(C)(C)C#N)c2Cl)c1)c1ccc2nc(NC(=O)C3CC3)sc2n1,64.0,99.8,100.0,95.4,14.0,0.0,1.0,1.0,1.0,0.0
103,04d09a0723eb8f2d14357495a6e30440d41fceda,CN(C(=O)c1ccc(-c2cc(-c3c[nH]nc3-c3ccccn3)ccn2)cc1)C1CCOCC1,0.0,0.0,17.0,0.0,0.0,0.0,0.0,0.0,0.0,0.0
104,03dbea8fa9e1c78cddcc9e1a24fa3e1df68042ec,C[C@@H](c1ccc2ncccc2c1)c1nnc2ccc(-c3cnn(C)c3)nn12,15.0,15.0,14.0,14.0,0.0,0.0,0.0,0.0,0.0,0.0
105,07edf9ad05ac35be537a7fa87de6f05bd9b6062a,CN(c1cccc(CNc2nc(Nc3ccc4c(c3)CC(=O)N4)ncc2C(F)(F)F)c1)S(C)(=O)=O,3.0,57.0,85.0,0.0,33.0,0.0,0.0,1.0,0.0,0.0
106,b184fd44240de4df5656a4ee7207e2f87fb5613e,C[C@@H]1CCN(C(=O)N2CCCC2)C[C@@H]1N(C)c1ncnc2[nH]ccc12,0.0,0.0,41.0,0.0,21.0,0.0,0.0,0.0,0.0,0.0
107,85cea3dd92b89b45038a59128ee4a70340e192b9,Cc1nc(N(C)[C@H]2CN(C(=O)CC#N)CC[C@H]2C)c2cc[nH]c2n1,0.0,0.0,5.0,0.0,1.0,0.0,0.0,0.0,0.0,0.0
108,e21f01f9c70481311770998189a19ea4a9189373,C[C@@H]1CCN(C(=O)CC#N)C[C@@H]1N(C)c1ncnc2[nH]ccc12,22.0,0.0,22.0,2.0,0.0,0.0,0.0,0.0,0.0,0.0
109,bd1601d3c118f431326c05e39cdc55a7ecbd5175,C[C@@H]1CCN(C(=O)CO)C[C@@H]1N(C)c1ncnc2[nH]ccc12,1.0,12.0,0.0,5.0,0.0,0.0,0.0,0.0,0.0,0.0
110,a4559fa9c3d246eaf1c1421d4291388cf6702f61,CN(c1ccc(NC(=O)Nc2cc(C(F)(F)F)ccc2F)cc1)c1ccnc(Nc2ccc(S(N)(=O)=O)cc2)n1,4.0,99.5,100.0,100.0,96.3,0.0,1.0,1.0,1.0,1.0
111,da340b8b1869d379d34f43bb17816dbe25ba8102,CN1C(=O)C(Nc2cc(Cl)c(O)c(Cl)c2)=C(c2ccc(Cl)cc2)C1=O,52.0,0.0,0.0,0.0,0.0,0.0,0.0,0.0,0.0,0.0
112,1379bfb6a80ce4a1007493d725727d01fda9901a,CN1C(=O)C(Nc2ccc(Cl)c(C(=O)O)c2)=C(c2ccc(Cl)cc2)C1=O,0.0,1.0,0.0,4.0,13.0,0.0,0.0,0.0,0.0,0.0
113,63dd5547159275e5d6e2f5244015741740c86dcd,CN1C(=O)C(Nc2ccccc2)=C(c2ccccc2)C1=O,16.0,0.0,0.0,0.0,0.0,0.0,0.0,0.0,0.0,0.0
114,dec9f672721ad3939a81aa25cdb481f1d1e65fff,CN1c2ccc(-c3ccc(C(=O)NCCO)cc3)cc2-c2[nH]ncc2S1(=O)=O,0.0,17.0,13.0,31.0,25.0,0.0,0.0,0.0,0.0,0.0
115,b6e891cb16490566fba3d42b72ffb1186d6f8b23,CN1c2ccc(-c3ccc(C(N)=O)cc3)cc2-c2[nH]ncc2S1(=O)=O,0.0,0.0,1.0,5.0,2.0,0.0,0.0,0.0,0.0,0.0
116,5a7268f290500252e111e4b4488bc7a0e8ad7b58,Cn1ccc2ncnc(Nc3ccc(Oc4cccc(Cl)c4)c(Cl)c3)c21,100.0,24.0,10.0,55.0,33.0,1.0,0.0,0.0,0.0,0.0
117,c84393ad18a70b28c700ec88c96482a9ea7e697d,Cn1ccc2ncnc(Oc3cccc(C(=O)Nc4ccccc4)c3)c21,0.0,35.0,14.0,0.0,13.0,0.0,0.0,0.0,0.0,0.0
118,34459a3aa37c15544c2cfd908abc9ffe97b6235d,Cn1ccc2ncnc(Oc3ccc(NC(=O)Nc4cncc(C(F)(F)F)c4)c(Cl)c3)c21,0.0,99.9,100.0,99.2,20.0,0.0,1.0,1.0,1.0,0.0
119,a6ea51a709d0d8a29b8b6a39950e6c3b13d5f338,Cn1ccc2ncnc(Oc3ccc(NC(=O)Nc4ccnc(C(F)(F)F)c4)c(Cl)c3)c21,3.0,99.8,100.0,94.0,10.0,0.0,1.0,1.0,1.0,0.0
120,76a9f4a2e5060da561686a67d619f20236d40f71,Cn1ccc2ncnc(Oc3ccc(NC(=O)Nc4cccc(C(F)(F)F)c4)c(Cl)c3)c21,5.0,100.0,100.0,99.9,63.0,0.0,1.0,1.0,1.0,0.0
121,8a5a307954b64e9fdc508e59b554a80538ff4707,Cn1ccc2ncnc(Oc3ccc(NC(=O)Nc4cccc(C(F)(F)F)c4)c(F)c3)c21,12.0,100.0,100.0,99.9,54.0,0.0,1.0,1.0,1.0,0.0
122,c7a7a5c3de1be4d34900997775810b577b7b7491,Cc1cccc(NC(=O)Nc2ccc(Oc3ncnc4ccn(C)c34)cc2)c1,1.0,100.0,94.0,86.0,0.0,0.0,1.0,1.0,1.0,0.0
123,e2d3e8a495e9122e35a35aa3ba31d8ba2b74589a,Cn1ccc2ncnc(Oc3ccc(NC(=O)Nc4ccccc4)cc3)c21,3.0,100.0,17.0,94.8,22.0,0.0,1.0,0.0,1.0,0.0
124,28374f2608fdadd41907d4ea0bf70078a8eba953,Cn1ccc2ncnc(Oc3ccc(NC(=O)Nc4cccnc4)c(Cl)c3)c21,20.0,98.7,52.0,35.0,9.0,0.0,1.0,0.0,0.0,0.0
125,926cc4e7d0a922e11cc9a07414e7cbbc129d8433,Cn1ccc2ncnc(Oc3ccc(NC(=O)Nc4ccncc4)c(Cl)c3)c21,0.0,74.0,1.0,14.0,0.0,0.0,0.0,0.0,0.0,0.0
126,d5300631df627e83ec8b19faa3d8eaaeb5ed1a9b,Cn1ccc2ncnc(Oc3ccc(NC(=O)Nc4cnn(C(C)(C)C)c4)c(Cl)c3)c21,25.0,99.8,100.0,99.9,79.0,0.0,1.0,1.0,1.0,0.0
127,d7281ac1db6c3dc1fc91d2c1f3cf481239702556,Cn1ccc2ncnc(Oc3ccc(NC(=O)Nc4cc(C(C)(C)C)on4)c(Cl)c3)c21,50.0,100.0,100.0,99.9,97.7,0.0,1.0,1.0,1.0,1.0
128,d0018e9b811c4ccab05baef02270234493917d04,Cn1ccc2ncnc(Oc3ccc(Nc4nc5ccccc5[nH]4)cc3)c21,0.0,77.0,0.0,93.7,14.0,0.0,0.0,0.0,1.0,0.0
129,5cf97c7327b41065e1e4f2852386ac90cf497c76,CN1CCC(NC(=O)c2ccc(Nc3ncc4c(n3)N(C3CCCC3)CC(F)(F)C(=O)N4C)cc2)CC1,47.0,7.0,19.0,58.0,98.7,0.0,0.0,0.0,0.0,1.0
130,296fbd4040ed044e632d77fedba0034ef9d05412,Cc1cc(Nc2ncc3c(n2)N(C2CCCC2)CC(F)(F)C(=O)N3C)ccc1C(=O)NC1CCN(C)CC1,55.0,11.0,16.0,62.0,98.4,0.0,0.0,0.0,0.0,1.0
131,57809fcf63f1e1c3c02f6ea15cbcb34cb1c57026,CN1CCC(n2cnc(-c3ccc(F)cc3)c2-c2ccnc(NC3CCNCC3)n2)CC1,17.0,25.0,20.0,0.0,0.0,0.0,0.0,0.0,0.0,0.0
132,f1a37504c7984118f6c9b6076296a98e92b0215d,Cc1ccc(NC(=O)c2ccnc(N3CCN(C)CC3)c2)cc1-c1ccc(C(=O)NCC2CC2)cc1,0.0,27.0,0.0,9.0,0.0,0.0,0.0,0.0,0.0,0.0
133,f029f23f9e6f3b90050c674bad341b0a8ed37d33,CN1CCN(c2ccc(Nc3nccc(-c4cnn5ncccc45)n3)cc2C(F)(F)F)CC1,33.0,99.9,47.0,31.0,65.0,0.0,1.0,0.0,0.0,0.0
134,db21452112251a37a84ac09f4246319402679e01,CN1CCN(CCCNc2nccc(-c3c(-c4ccc(F)cc4)nn4cc(C(F)(F)F)ccc34)n2)CC1,23.0,7.0,0.0,0.0,42.0,0.0,0.0,0.0,0.0,0.0
135,ea08feb25e340562f195f9586e4d4e10bb43e5fb,CN1CCN(CCCNc2nccc(-c3c(-c4ccc(F)cc4)nn4cc(C(N)=O)ccc34)n2)CC1,38.0,66.0,38.0,0.0,63.0,0.0,0.0,0.0,0.0,0.0
136,6b41382ce49000cba34d25a2b4a4137a91d86a93,CN1CCN(Cc2cccc(-c3ccc4c(Nc5ccc(Oc6ccccc6)cc5)ccnc4c3)c2)CC1,87.0,93.7,48.0,21.0,0.0,1.0,1.0,0.0,0.0,0.0
137,6c4dbef4c4eb3e64950aab3fa1082e3594be9cf4,CN1c2ccc(CNc3ccc(F)cc3)cc2-c2c(cnn2C)S1(=O)=O,0.0,0.0,0.0,0.0,0.0,0.0,0.0,0.0,0.0,0.0
138,06376c076989ba490a1601886a0ef63b2bacf09b,CN1c2ccc(NCc3ccc(F)cc3)cc2-c2c(cnn2C)S1(=O)=O,0.0,24.0,0.0,0.0,0.0,0.0,0.0,0.0,0.0,0.0
139,f92cdf6515ffcff5709b3dc344ce38e107092434,CNCc1ccc2nc(NC(=O)c3ccc(C(C)(C)C)cc3)cn2c1,0.0,69.0,14.0,0.0,0.0,0.0,0.0,0.0,0.0,0.0
140,5b6f302626a4a6baa6ea5e0dab2363f0a0b05871,CNc1cc(-c2ccc3c(N)n[nH]c3c2)nc(N)n1,17.0,19.0,35.0,0.0,0.0,0.0,0.0,0.0,0.0,0.0
141,0ca39b4b1b0aeab242009f0e5082dcb83bbd3769,CNc1nc(-c2ccc3c(N)n[nH]c3c2)cc(N2C[C@@H](C(=O)Nc3ccccc3)CC[C@H]2C)n1,31.0,4.0,4.0,0.0,19.0,0.0,0.0,0.0,0.0,0.0
142,0dc92eb40b4319298ceed3eefe036d06e8615938,CNc1nc(-c2ccc3c(N)n[nH]c3c2)cc(N2C[C@@H](C(=O)NC3CCCCC3)OC[C@H]2C)n1,24.0,20.0,4.0,0.0,24.0,0.0,0.0,0.0,0.0,0.0
143,726081e52e83e55fec8a8cb7aecf4cbb649c8b3f,CNc1nccc(-c2c(-c3ccc(F)cc3)ncn2C2CCN(C)CC2)n1,8.0,0.0,0.0,3.0,0.0,0.0,0.0,0.0,0.0,0.0
144,25c7ec5bbcbc0eef403038356cb1b027594d7a38,CNc1nccc(-c2c(-c3ccc(F)cc3)ncn2CCCN2CCOCC2)n1,10.0,2.0,7.0,0.0,5.0,0.0,0.0,0.0,0.0,0.0
145,921fe36de95ea703ea5eb7abe744c2d7040c8f65,CNc1nccc(-c2ccc3c(N)n[nH]c3c2)n1,25.0,57.0,80.0,23.0,69.0,0.0,0.0,1.0,0.0,0.0
146,e15dbcbf325c233e177af88578f4b4a781967e89,CNc1ncnc2[nH]ncc12,0.0,18.0,0.0,0.0,10.0,0.0,0.0,0.0,0.0,0.0
147,e33f48ae49029a07263cae69104b469df3af93a0,COC(=O)C(Cc1ccccc1)NC(=O)NC1CCN(c2ccnc(Nc3ccc(F)cc3)n2)C1,31.0,11.0,21.0,3.0,22.0,0.0,0.0,0.0,0.0,0.0
148,23147e77a1f41c0cd9c3c05adef061232c843e8b,COC(=O)C(NC(=O)NC1CCN(c2ccnc(Nc3ccc(F)cc3)n2)C1)c1ccccc1,23.0,29.0,2.0,0.0,4.0,0.0,0.0,0.0,0.0,0.0
149,459f2b0a0c94e72f42718436cfa5660791a3a66d,COC(=O)c1c(-c2ccccc2)c2cc(C(=O)O)ccc2c(=O)n1Cc1ccccc1,0.0,93.1,21.0,0.0,16.0,0.0,1.0,0.0,0.0,0.0
150,d44cdc88424329805d87782f125ce7dfe63bb5ee,COC(=O)c1c(-c2ccccc2)c2cc(Br)ccc2c(=O)n1Cc1ccc(S(C)(=O)=O)cc1,5.0,54.0,16.0,6.0,0.0,0.0,0.0,0.0,0.0,0.0
151,d3b7b5595dfdc2e0d8f6c633e68d76537360c9a8,COC(=O)c1c(-c2ccccc2)c2cc(Br)ccc2c(=O)n1Cc1ccc(NC(=O)CCC(=O)O)cc1,0.0,38.0,5.0,20.0,1.0,0.0,0.0,0.0,0.0,0.0
152,f22f2596fc05d2f0e3c4c47ebdcb60abbbbcfd76,COC(=O)c1c(-c2ccccc2)c2cc(C)ccc2c(=O)n1Cc1ccccc1,0.0,75.0,13.0,0.0,0.0,0.0,0.0,0.0,0.0,0.0
153,6dff46bfb5eb53c2c4af0332ab6f88985fe4ae48,COC(=O)c1c(-c2ccccc2)c2cc(Cl)ccc2c(=O)n1Cc1ccc(S(C)(=O)=O)cc1,6.0,56.0,2.0,4.0,19.0,0.0,0.0,0.0,0.0,0.0
154,337923cdd158b68723dfcf658b17476d6c6eceda,COC(=O)c1c(-c2ccccc2)c2cc(OC)ccc2c(=O)n1Cc1ccccc1,0.0,93.3,17.0,9.0,0.0,0.0,1.0,0.0,0.0,0.0
155,9d2f3e341d473041515078eb900c50053d4c4ec0,COC(=O)Nc1nc2ccc(Oc3ccc(CC(=O)Nc4cc(C(F)(F)F)ccc4F)cc3)cc2[nH]1,30.0,100.0,97.7,78.0,2.0,0.0,1.0,1.0,0.0,0.0
156,fd452684f51b8c3e42f3ee369ae5159f58d148b2,COC(=O)c1cccc(NC(=O)NC2CCN(c3ccnc(Nc4cc(OC)c(OC)c(OC)c4)n3)C2)c1,33.0,77.0,11.0,45.0,28.0,0.0,0.0,0.0,0.0,0.0
157,479235d2300e73db1a294d7ab2b60466b2845c91,COC(=O)c1cccc(NC(=O)NC2CCN(c3ccnc(Nc4ccc(F)cc4)n3)C2)c1,0.0,44.0,5.0,0.0,0.0,0.0,0.0,0.0,0.0,0.0
158,dfacf243cfa57a886b736176d327362d1e2b60c7,COC(=O)c1cccc(NC(=O)NC2CCN(c3ccnc(Nc4ccc(OC)cc4)n3)C2)c1,31.0,44.0,0.0,0.0,7.0,0.0,0.0,0.0,0.0,0.0
159,70564f886f1b6ad2589c090436c8aa1eeac544f5,COC(=O)c1cccc(NC(=O)NC2CCN(c3ccnc(NCc4ccc(F)cc4)n3)CC2)c1,51.0,7.0,9.0,0.0,2.0,0.0,0.0,0.0,0.0,0.0
160,af3646e6409490dc675cc6bfec42f0c8c91df211,COC(=O)c1cccc(NC(=O)NCCNc2ccnc(Nc3ccc(F)cc3)n2)c1,3.0,23.0,0.0,0.0,4.0,0.0,0.0,0.0,0.0,0.0
161,b665afeefd2a4c8a264c4bd8c8ef9618a046021e,COc1ccc(-c2cc3c(C)nc(N)nc3n([C@H]3CC[C@H](OCCO)CC3)c2=O)cn1,12.0,7.0,0.0,9.0,0.0,0.0,0.0,0.0,0.0,0.0
162,7d95e2cd74e05c7c7c9567ccd48bb9742fcc031d,COc1ccc(CSc2nnc(-c3ccc4nccn4c3)o2)cc1C(F)(F)F,4.0,0.0,23.0,3.0,14.0,0.0,0.0,0.0,0.0,0.0
163,d7db22a2b97cc11d92201b10f836ac331e7e2cdb,COc1cccc(C(=O)Nc2cccc(Oc3ccc4nc(NC(=O)C5CC5)cn4n3)c2)c1,78.0,100.0,100.0,96.2,49.0,0.0,1.0,1.0,1.0,0.0
164,f6dd810ace5a4247e3c8ab7e43ea5463a91ed1b5,COc1cc(OC)cc(-c2cc3cnc(N)nc3nc2NC(=O)NC(C)(C)C)c1,0.0,0.0,32.0,13.0,0.0,0.0,0.0,0.0,0.0,0.0
165,2a5353d80fd328fb86ebddf001cbfa15e94c6a8f,COc1ccc(-c2coc3ccc(-c4nnc(SCc5ccc(OC)c(C(F)(F)F)c5)o4)cc23)cc1,0.0,20.0,0.0,24.0,9.0,0.0,0.0,0.0,0.0,0.0
166,96fbe995a0dd38fa30444fde05cba0a780f1af89,COc1ccc(-c2coc3ccc(-c4nnc(SCc5cccc(C#N)c5)o4)cc23)cc1,0.0,21.0,16.0,4.0,18.0,0.0,0.0,0.0,0.0,0.0
167,decfea479f621ac77b8453ca72d593a57eed0cf5,COc1ccc(-c2coc3ccc(-c4nnc(C)o4)cc23)cc1,0.0,1.0,0.0,0.0,5.0,0.0,0.0,0.0,0.0,0.0
168,8ca168f4609f53f246f6c9463cf706839f8d475a,COc1ccc(CSc2nnc(-c3ccc4ncsc4c3)o2)cc1C(F)(F)F,7.0,18.0,0.0,0.0,15.0,0.0,0.0,0.0,0.0,0.0
169,07d0f27471fc6c182c77802f8a36d064511123ba,COc1ccc(CSc2nnc(-c3ccc4c(c3)CCO4)o2)cc1,0.0,0.0,0.0,0.0,0.0,0.0,0.0,0.0,0.0,0.0
170,415da50f962ca75ddf93af1413eab3a4158c2e42,COCCNC(=O)c1ccc(-c2cc(C(=O)NC3CC3)cc(F)c2C)cc1,21.0,26.0,0.0,20.0,0.0,0.0,0.0,0.0,0.0,0.0
171,e5359b8c9b8cb48a80c96f47aa81278f688bd16f,COc1cc(Nc2ccnc3ccc(C(F)(F)F)cc23)cc(OC)c1OC,27.0,19.0,9.0,18.0,24.0,0.0,0.0,0.0,0.0,0.0
172,2c3fe01a92b139aab6e1e3141802bbfff31be4d5,COc1cc(Nc2ncc3c(n2)N(C2CCCC2)CC(F)(F)C(=O)N3C)ccc1C(=O)NC1CCN(C)CC1,12.0,10.0,12.0,38.0,94.8,0.0,0.0,0.0,0.0,1.0
173,16527b2213fb514a17a869d585c7a8308060229a,COc1cc(Nc2ncc3c(C)nc(-c4cc5ccccc5[nH]4)n3n2)cc(OC)c1OC,0.0,72.0,45.0,8.0,63.0,0.0,0.0,0.0,0.0,0.0
174,fac60b73154303c88c777addd3dbb31df9da0d77,COc1cc(Nc2nccc(-c3c(-c4cccc(NC(=O)c5c(F)cccc5F)c4)nn4ccccc34)n2)cc(OC)c1OC,38.0,100.0,29.0,85.0,25.0,0.0,1.0,0.0,1.0,0.0
175,b5e5d8a8b9ec7fa00da63955211a4484833c69c8,COc1cc(Nc2nccc(-c3c(-c4cccc(NC(=O)c5c(F)cccc5F)c4)nn4ncccc34)n2)cc(OC)c1OC,100.0,100.0,99.7,99.3,99.2,1.0,1.0,1.0,1.0,1.0
176,e6fb411c1676304bb9c84b09a1d0bf1253d3a249,COc1cc(Nc2nccc(N3CCC(NC(=O)C(C)c4ccc(Cl)cc4)C3)n2)cc(OC)c1OC,23.0,2.0,7.0,0.0,1.0,0.0,0.0,0.0,0.0,0.0
177,d96908a7a6d6dfc7f0cab0da2a5faa76caac416e,COc1cc(Nc2nccc(N3CCC(NC(=O)C4COc5ccccc5O4)C3)n2)cc(OC)c1OC,43.0,22.0,2.0,0.0,17.0,0.0,0.0,0.0,0.0,0.0
178,b83c6e168e4c5633fae177fd2b8c6ed0a11e5e62,COc1cc(Nc2nccc(N3CCC(NC(=O)Nc4cc(C)ccc4C)C3)n2)cc(OC)c1OC,63.0,78.0,25.0,25.0,23.0,0.0,0.0,0.0,0.0,0.0
179,47996d17fcdb0d5c00636b6a58a8e1c5d9de8cc4,COc1cc(Nc2nccc(N3CCC(NC(=O)Nc4ccc5c(c4)OCO5)C3)n2)cc(OC)c1OC,0.0,66.0,28.0,0.0,36.0,0.0,0.0,0.0,0.0,0.0
180,f9a8be97a1b8de62d3998ac634c8133b3bf6a31f,COc1cc(Nc2nccc(N3CCC(NC(=O)Nc4cccc(C(C)=O)c4)C3)n2)cc(OC)c1OC,22.0,86.0,0.0,20.0,30.0,0.0,1.0,0.0,0.0,0.0
181,53cc58196b3cc95229a33dc75a5a8299311ec0af,COc1cc(Nc2nccc(N3CCC(NC(=O)c4cc5ccccc5s4)C3)n2)cc(OC)c1OC,45.0,36.0,21.0,84.0,76.0,0.0,0.0,0.0,1.0,0.0
182,10a340a1e71f59969d37db3837c06ce885011649,COc1cc(Nc2nccc(N3CCC(NC(=O)c4cccc(NC(C)=O)c4)C3)n2)cc(OC)c1OC,0.0,70.0,29.0,0.0,32.0,0.0,0.0,0.0,0.0,0.0
183,1f0c00b49048c0451619c5be7bd8176f9a918156,COc1cc(Nc2nccc(N3CCC(NC(=O)c4cccc(C#N)c4)C3)n2)cc(OC)c1OC,29.0,43.0,14.0,0.0,1.0,0.0,0.0,0.0,0.0,0.0
184,45ab84a8a1af76d13902f16b74172e6f42a9d739,COc1cc(Nc2nccc(N3CCC(NS(=O)(=O)c4ccc(NC(C)=O)cc4)CC3)n2)cc(OC)c1OC,11.0,90.0,30.0,2.0,48.0,0.0,1.0,0.0,0.0,0.0
185,a67a1cdb3d9d9bed7605739fbaaeba04db116eae,COc1cc(C(=O)NC2CCN(C)CC2)cc(F)c1Nc1ncc2c(n1)N(C1CCCC1)CC(F)(F)C(=O)N2C,0.0,9.0,8.0,16.0,0.0,0.0,0.0,0.0,0.0,0.0
186,e141690550844300abd6710827647b136ca6ed4a,COc1cc(C(=O)NC2CCN(C)CC2)ccc1Nc1ncc2c(n1)N(C1CCCC1)CC(F)(F)C(=O)N2C,7.0,0.0,11.0,27.0,38.0,0.0,0.0,0.0,0.0,0.0
187,21109099c4a72fe83ac88dcd06fc0a2c47d6b03d,C=CC[C@H]1CN(C2CCCC2)c2nc(Nc3ccc(C(=O)NC4CCN(C)CC4)cc3OC)ncc2N(C)C1=O,88.0,4.0,6.0,42.0,68.0,1.0,0.0,0.0,0.0,0.0
188,708ffb383796b9230ca2bcdb12e0793e0ac4b3bf,COc1cc2c(Nc3ccc(NC(=O)c4ccccc4)cc3)ncnc2cc1OCCCN1CCOCC1,90.0,99.1,79.0,77.0,58.0,1.0,1.0,0.0,0.0,0.0
189,9b6426eb3e1602ca5dbd954c18e0103b95c339ee,COc1cc2c(Nc3cccc(NC(=O)c4ccccc4)c3)ncnc2cc1OCCCN1CCOCC1,87.0,93.4,90.8,10.0,0.0,1.0,1.0,1.0,0.0,0.0
190,d2051c0e5db59d34805d8b31e9ade02eb8aa6e36,COc1cc2ncn(-c3cc(OCC4CCCCC4)c(C(N)=O)s3)c2cc1OC,38.0,31.0,17.0,63.0,80.0,0.0,0.0,0.0,0.0,1.0
191,6199aa878951dbfd9058dbdfb7b445cf4056b668,COc1cc2ncn(-c3cc(OCC4CCCO4)c(C(N)=O)s3)c2cc1OC,20.0,16.0,0.0,96.9,96.3,0.0,0.0,0.0,1.0,1.0
192,c9b6ca06d2576de91089dd484bec07da3b558249,COc1cc2ncn(-c3cc(OCCCc4ccccc4)c(C(N)=O)s3)c2cc1OC,15.0,13.0,0.0,40.0,79.0,0.0,0.0,0.0,0.0,0.0
193,f210a37f408630b9d9db015f23c6f622c7a5a39d,COc1cc2ncn(-c3cc(OCc4ccc(S(C)(=O)=O)cc4)c(C(N)=O)s3)c2cc1OC,25.0,0.0,26.0,20.0,29.0,0.0,0.0,0.0,0.0,0.0
194,51309bf1344eb91882ce2782f21c8d489a005ef0,COc1cc2ncn(-c3cc(OCc4ccncc4)c(C(N)=O)s3)c2cc1OC,24.0,18.0,4.0,0.0,43.0,0.0,0.0,0.0,0.0,0.0
195,f2f27e29daff22c3a2647c7bf2a2ad4853d056e7,COc1cc2ncn(-c3cc(OCc4ccncc4Br)c(C(N)=O)s3)c2cc1OC,27.0,24.0,20.0,87.0,95.9,0.0,0.0,0.0,1.0,1.0
196,69b29bc587100c4d5e37cc19f6001ca7faea6c04,COc1cc2ncn(-c3cc(OCc4sccc4Cl)c(C(N)=O)s3)c2cc1OC,32.0,31.0,26.0,99.1,99.0,0.0,0.0,0.0,1.0,1.0
197,96c2b0eed930a7013b2dea5e4801b039f3b7509d,COc1ccc(CNC(=O)NC2CCN(c3ccnc(Nc4cc(OC)c(OC)c(OC)c4)n3)C2)cc1,31.0,57.0,0.0,0.0,0.0,0.0,0.0,0.0,0.0,0.0
198,ba5176073471cf46c5eea448e67fc82f7c68fc4b,COc1ccc(CNC(=O)NC2CCN(c3ccnc(Nc4ccc(F)cc4)n3)C2)cc1,20.0,39.0,21.0,0.0,9.0,0.0,0.0,0.0,0.0,0.0
199,cb6fd99f1af58cd4a17fc081e7caee4f4288cb28,COc1ccc(CNC(=O)NC2CCN(c3ccnc(Nc4ccc(OC)cc4)n3)C2)cc1,18.0,16.0,15.0,0.0,0.0,0.0,0.0,0.0,0.0,0.0
200,00ab2a0ae84f772c3a56fea1b7a13ee7d039cbb1,COc1ccc(CNC(=O)NC2CCN(c3ccnc(Nc4ccc(F)cc4)n3)CC2)cc1,13.0,19.0,0.0,0.0,7.0,0.0,0.0,0.0,0.0,0.0
201,c6e6f6ba93eca2929f084eba60ca39c95080a8e9,COc1ccc(COc2cc(-n3cnc4ccccc43)sc2C(N)=O)cc1,4.0,23.0,26.0,0.0,9.0,0.0,0.0,0.0,0.0,0.0
202,df98a5704fce20bfa2eb139b71dac15dd7e7e25f,COc1ccc(NC(=O)Nc2ccc(C)c(-c3ccc(C(=O)Nc4ccncc4)cc3)c2)cc1,33.0,100.0,0.0,0.0,0.0,0.0,1.0,0.0,0.0,0.0
203,ce6539b75509f88358f2c3d5d110c5598178ea31,COc1ccc(NC(=O)c2ccc(-c3cc(-c4nnc(C)o4)ccc3C)cc2)cc1,14.0,64.0,28.0,0.0,10.0,0.0,0.0,0.0,0.0,0.0
204,ef1132e66e36d088bf608b9d578b6892e340c0ce,COc1ccc(NC(=O)c2ccoc2)cc1-c1ccc(C(=O)NCC2CC2)cc1,0.0,0.0,0.0,28.0,0.0,0.0,0.0,0.0,0.0,0.0
205,f8c66025b5f46f9bc163999f0a1faa57c874643e,COc1ccc(Nc2nccc(NCCNC(=O)Nc3cc(C)ccc3C)n2)cc1,27.0,0.0,16.0,0.0,27.0,0.0,0.0,0.0,0.0,0.0
206,2f305e773d1bab96ed3afade8fc459fb53d00c1a,COc1ccc(Nc2nccc(NCCNC(=O)Nc3ccccc3F)n2)cc1,20.0,57.0,17.0,0.0,11.0,0.0,0.0,0.0,0.0,0.0
207,07ed6ee1bf14e793ee9454e04d726cd57478e889,COc1ccc(Nc2nccc(NCCNC(=O)c3cc4ccccc4s3)n2)cc1,19.0,5.0,25.0,0.0,18.0,0.0,0.0,0.0,0.0,0.0
208,44aaf597e1bd9b849123c9f48c37a83e2eda2e5f,COc1ccc(Nc2nccc(-c3ccc(NC(=O)c4cc5cc(F)ccc5[nH]4)cc3)n2)cc1,14.0,11.0,0.0,0.0,0.0,0.0,0.0,0.0,0.0,0.0
209,1cf0f9d1d5f96cf2c56d777ff36b4672462988a5,COc1ccc(Nc2nccc(-c3cccc(NC(=O)c4cc5cc(F)ccc5[nH]4)c3)n2)cc1,22.0,57.0,14.0,0.0,29.0,0.0,0.0,0.0,0.0,0.0
210,7851174efe59ae0c32c03fff5e07d7e3d3bd9ad9,COc1ccc(Nc2nccc(N3CCC(NC(=O)C(C)c4ccc(Cl)cc4)C3)n2)cc1,14.0,31.0,2.0,0.0,33.0,0.0,0.0,0.0,0.0,0.0
211,dd0baa7e07b053c02767e18c0eb2480d14affa3f,COc1ccc(Nc2nccc(N3CCC(NC(=O)Nc4cc(C)ccc4C)C3)n2)cc1,33.0,25.0,52.0,0.0,0.0,0.0,0.0,0.0,0.0,0.0
212,71f598740408bd4868e0d1c0d163272ffc370df2,COc1ccc(Nc2nccc(N3CCC(NC(=O)Nc4ccc5c(c4)OCO5)C3)n2)cc1,25.0,48.0,9.0,0.0,27.0,0.0,0.0,0.0,0.0,0.0
213,e9e9bbf6d9daf24565b5a6774855a4b4b4244765,COc1ccc(Nc2nccc(N3CCC(NC(=O)Nc4cccc(OC)c4)C3)n2)cc1,20.0,49.0,7.0,0.0,17.0,0.0,0.0,0.0,0.0,0.0
214,c01c3b4211571fb005b6f0a79fbd8ed57c277c34,COc1ccc(Nc2nccc(N3CCC(NC(=O)Nc4cccc(C(C)=O)c4)C3)n2)cc1,15.0,49.0,0.0,0.0,0.0,0.0,0.0,0.0,0.0,0.0
215,a1ba12aa6556db97ab176a383485cfdb76f892fb,COc1ccc(Nc2nccc(N3CCC(NC(=O)c4cc5ccccc5s4)C3)n2)cc1,0.0,7.0,14.0,0.0,4.0,0.0,0.0,0.0,0.0,0.0
216,f6c916131ac322436c9441f8eae8a2b3435eb6ad,COc1ccc(Nc2nccc(N3CCC(NC(=O)c4cccc(NC(C)=O)c4)C3)n2)cc1,16.0,7.0,0.0,0.0,6.0,0.0,0.0,0.0,0.0,0.0
217,019dfd05e930b688a1ae23d586f488bd9fd96ffc,COc1ccc(Nc2nccc(N3CCC(NC(=O)c4cccc(C#N)c4)C3)n2)cc1,29.0,0.0,28.0,0.0,30.0,0.0,0.0,0.0,0.0,0.0
218,fc9052f0a8b3c31b2c32a4baf6debfd2530be062,COc1ccc(Nc2nccc(N3CCC(NS(=O)(=O)c4ccc(NC(C)=O)cc4)C3)n2)cc1,36.0,9.0,28.0,14.0,18.0,0.0,0.0,0.0,0.0,0.0
219,1a9664906818e7adeb52135f573749ebddb97a75,COc1ccc(Nc2nccc(N3CCC(NC(=O)C(C)c4ccc(Cl)cc4)CC3)n2)cc1,0.0,15.0,38.0,0.0,28.0,0.0,0.0,0.0,0.0,0.0
220,17cd8d052004f21d3b2d7114dc3a569fb0d5bc1a,COc1ccc(-c2nc3n(c2-c2ccncc2)CCC3)cc1,7.5,12.5,5.0,15.0,28.0,0.0,0.0,0.0,0.0,0.0
221,d059ee0ad6427035ca0b6a41625f4f2dda4cf7d3,COc1ccc(-c2oc3ncnc(N)c3c2-c2ccc(OC)cc2)cc1,0.0,49.0,11.0,0.0,20.0,0.0,0.0,0.0,0.0,0.0
222,9747e51dddb7a0ec7c1bcfdfd2895310b1ab8a5a,COc1ccc(-n2cnc3c(N)ncnc32)cc1,0.0,94.2,34.0,0.0,11.0,0.0,1.0,0.0,0.0,0.0
223,a45d8b52196cd6bc90e816b177270a54458bc029,COc1ccc(C2=C(Nc3cccc(Cl)c3)C(=O)NC2=O)cc1,10.0,10.0,0.0,27.0,84.0,0.0,0.0,0.0,0.0,1.0
224,11219db40d4fdc4c7daabb04d833844bb71b9082,COc1ccc(C2=C(Nc3cccc(O)c3)C(=O)NC2=O)cc1,32.0,14.0,25.0,0.0,27.0,0.0,0.0,0.0,0.0,0.0
225,36b76b2521b4a5f27ab3beb9f8851306279a81e9,COc1ccc(C2=C(Nc3cccc(C(=O)O)c3)C(=O)NC2=O)cc1,0.0,6.0,3.0,28.0,7.0,0.0,0.0,0.0,0.0,0.0
226,d802a691c89555357a47c25c2fa87fb219244819,COc1ccc2cc(-c3nc(-c4ccccc4C(C)C)[nH]c3-c3ccncc3)ccc2c1,18.0,0.0,4.0,61.0,78.0,0.0,0.0,0.0,0.0,0.0
227,8c5fd0f0094c9a8efa1204675a16a18bcac59a90,COc1ccc2nc(-c3cccc(C)n3)nc(Nc3ccncc3)c2c1,20.0,26.0,18.0,0.0,9.0,0.0,0.0,0.0,0.0,0.0
228,2ab5587f6e8aee4ef439c2b4763a8e9fc7cbdbb2,COc1cccc(CC(=O)N2CCc3cc(-c4cn(C)c5ncnc(N)c45)ccc32)c1,23.0,100.0,37.0,98.5,65.0,0.0,1.0,0.0,1.0,0.0
229,0584f73f7f43e9eb2f87c6ce6bc29a3820317b44,COc1cccc(CNC(=O)NC2CCN(c3ccnc(Nc4cc(OC)c(OC)c(OC)c4)n3)C2)c1,28.0,60.0,19.0,49.0,30.0,0.0,0.0,0.0,0.0,0.0
230,7cf137f20889249a22f298c600c7f1fc3d1a8449,COc1cccc(CNC(=O)NC2CCN(c3ccnc(Nc4ccc(F)cc4)n3)C2)c1,21.0,23.0,8.0,0.0,15.0,0.0,0.0,0.0,0.0,0.0
231,328da347908b227b15e692c4ac3364a07d8ead76,COc1cccc(NC(=O)NC2CCN(c3ccnc(Nc4cc(OC)c(OC)c(OC)c4)n3)C2)c1,12.0,98.5,16.0,43.0,42.0,0.0,1.0,0.0,0.0,0.0
232,26a9439259c8141464a89e4aa84605c78582b135,COc1cccc(NC(=O)NC2CCN(c3ccnc(Nc4ccc(F)cc4)n3)C2)c1,17.0,63.0,0.0,0.0,0.0,0.0,0.0,0.0,0.0,0.0
233,7b034a815cf5aa72e7871b7e4a1d388eadeeba3e,COc1cccc(NC(=O)NCCNc2ccnc(Nc3ccc(F)cc3)n2)c1,43.0,46.0,0.0,0.0,7.0,0.0,0.0,0.0,0.0,0.0
234,035bb5e47b2fa5e04b22893f900adca0a6f3fa7a,COc1cccc(NC(=O)Nc2ccc(C)c(-c3ccc(C(=O)Nc4ccncc4)cc3)c2)c1,17.0,99.8,33.0,0.0,7.0,0.0,1.0,0.0,0.0,0.0
235,ebd4c43c94a0607d549e65643fc168a4054c3045,COc1cccc(OC)c1C(=O)Nc1cccc(-c2nn3ccccc3c2-c2ccnc(Nc3cccc(F)c3)n2)c1,91.7,90.9,90.1,90.0,41.0,1.0,1.0,1.0,1.0,0.0
236,2bff5d9030bb5ecd371b7689827bb6999aceb6cf,COc1cccc(-c2cc(-c3c[nH]nc3-c3ccccn3)ccn2)c1,31.0,9.0,21.0,10.0,0.0,0.0,0.0,0.0,0.0,0.0
237,29430ed71805a1d6f2e05b29ae2a5657b64cfebf,COc1cccc(-c2ccc3c(NC(=O)C4CC4)n[nH]c3n2)c1,20.0,15.0,6.0,0.0,30.0,0.0,0.0,0.0,0.0,0.0
238,530cd0388c7e2898cacc9949ea29f7fff59b53d5,COc1cccc(-c2nc(-c3ccccc3)[nH]c2-c2ccncc2)c1,12.0,0.0,25.0,0.0,6.0,0.0,0.0,0.0,0.0,0.0
239,01123285e5f5d0f4b6d998c56ebd15e893b0220e,COc1cccc(-n2cnc3c(N)ncnc32)c1,18.0,12.0,0.0,4.0,2.0,0.0,0.0,0.0,0.0,0.0
240,71924f0c840e3cb6363bb8d0887b5167ce5ca51a,COc1cccc(C2=C(N(C)c3ccccc3)C(=O)NC2=O)c1,36.0,0.0,17.0,0.0,13.0,0.0,0.0,0.0,0.0,0.0
241,79e9f9e96fa7935cef9e1af8d2b57d861d1e9b0b,COc1cccc(C2=C(Nc3cc(Cl)c(O)c(Cl)c3)C(=O)NC2=O)c1,0.0,0.0,16.0,0.0,13.0,0.0,0.0,0.0,0.0,0.0
242,6d074b7b83cb6283c570492e3e160cc0b4001dd4,COc1cccc(C2=C(Nc3ccc(Cl)c(C(=O)O)c3)C(=O)NC2=O)c1,24.0,6.0,11.0,0.0,16.0,0.0,0.0,0.0,0.0,0.0
243,a14895ac2eace8677fa06187e7ea7561768e145c,COc1cccc(C2=C(Nc3ccc(SC)cc3)C(=O)NC2=O)c1,11.0,0.0,0.0,31.0,78.0,0.0,0.0,0.0,0.0,0.0
244,6be1e31acc02c76a214a9dc6d6442eeeb6d4ed6e,COc1cccc(C2=C(Nc3cccc(Cl)c3)C(=O)NC2=O)c1,25.0,14.0,37.0,9.0,92.2,0.0,0.0,0.0,0.0,1.0
245,1fc6f9ec88abfbb1452fd7ffdbcda2a8e9835ade,COc1cccc(C2=C(Nc3cccc(O)c3)C(=O)NC2=O)c1,41.0,15.0,1.0,0.0,69.0,0.0,0.0,0.0,0.0,0.0
246,d2dc19314e6cb566a0bafe270f27e762dfe0114f,COc1cccc(C2=C(Nc3cccc(C(=O)O)c3)C(=O)NC2=O)c1,12.0,0.0,17.0,22.0,35.0,0.0,0.0,0.0,0.0,0.0
247,e10b98146c7c27c992636775f4ed7ac8c20b7ba4,COc1cccc2c(-c3ccncc3)c(-c3ccc(F)cc3)nn12,71.0,8.0,22.0,0.0,23.0,0.0,0.0,0.0,0.0,0.0
248,35cbaef2ffd5b7fa6ffb1faedaec8b6527be615b,COc1ccccc1-c1ccc2c(NC(=O)C3CC3)n[nH]c2n1,2.0,0.0,11.0,0.0,8.0,0.0,0.0,0.0,0.0,0.0
249,84efa2bfc0b3380a1070dedaefc1596ef0a0d766,COc1ccccc1C1=C(Nc2ccc(O)c(Cl)c2)C(=O)NC1=O,23.0,0.0,0.0,94.8,99.2,0.0,0.0,0.0,1.0,1.0
250,0058df1846c5af08c6124111370014109e83933f,COc1ccccc1C1=C(Nc2cccc(O)c2)C(=O)NC1=O,0.0,11.0,4.0,28.0,98.8,0.0,0.0,0.0,0.0,1.0
251,3b7f2c9cb76a987c6cc2e70701f00d743cd47ea4,COc1ccccc1CNC(=O)c1cc(C(=O)c2ccccc2C)c[nH]1,36.0,41.0,14.0,0.0,5.0,0.0,0.0,0.0,0.0,0.0
252,ba4e1eb8824924bbcb9c22735f51bdbfc70ed62c,COc1nccc(-c2c(-c3ccc(F)cc3)ncn2CCCN2CCOCC2)n1,8.0,0.0,0.0,45.0,30.0,0.0,0.0,0.0,0.0,0.0
253,4b25da951c1bb7b472306d7a244f28b17950894f,CS(=O)(=O)Cc1ccc(Nc2nccc(-c3c(-c4cccc(NC(=O)C5CCCCC5)c4)nn4ncccc34)n2)cc1,68.0,88.0,34.0,81.0,53.0,0.0,1.0,0.0,1.0,0.0
254,28fbd874d5fd60d6e7128477fdf10791fff4a941,CS(=O)(=O)Nc1ccc(-c2ccnc3[nH]ccc23)cc1,17.0,59.0,22.0,0.0,49.0,0.0,0.0,0.0,0.0,0.0
255,5c9e5f3ab8eff6a6ffc5543cbdd32dae674af804,CS(=O)(=O)c1ccc(-c2nc3n(c2-c2ccncc2)CCC3)cc1,5.0,0.0,0.0,0.0,0.0,0.0,0.0,0.0,0.0,0.0
256,3002562a75b746588b81781ea85e4cfa0fb0b14f,CS(=O)(=O)c1ccccc1-c1nc(-c2ccc(F)cc2)c(-c2ccncc2)[nH]1,48.0,0.0,36.0,10.0,0.0,0.0,0.0,0.0,0.0,0.0
257,b87f1185f6e8c7fb9c7c6000b28fd2c9a2a1b66e,C[S+]([O-])c1ccc(-c2coc3ccc(-c4n[nH]c(=O)o4)cc23)cc1,0.0,0.0,12.0,99.7,9.0,0.0,0.0,0.0,1.0,0.0
258,353e40e237d263844ceecbd5b4a839e910a68b43,CC(C)N1C(=O)Cc2cc(Nc3ncc(C(F)(F)F)c(NCc4cccc(S(C)(=O)=O)c4)n3)ccc21,0.0,50.0,86.0,0.0,23.0,0.0,0.0,1.0,0.0,0.0
259,edeb9ea96f7655eb0710853bd28bf9dd22a19756,CSc1ccc(NC2=C(c3ccc(Cl)cc3)C(=O)NC2=O)cc1,6.0,29.0,7.0,29.0,8.0,0.0,0.0,0.0,0.0,0.0
260,ff4e63ad6e5c43046792c86c174ca8fa305040d2,CSc1ccc(NC2=C(c3cccc(Cl)c3)C(=O)NC2=O)cc1,2.0,0.0,0.0,0.0,31.0,0.0,0.0,0.0,0.0,0.0
261,0035722710fc6beb703bc49452e98df402f6fda9,CSc1ccc(NC2=C(c3ccccc3Cl)C(=O)NC2=O)cc1,18.0,25.0,14.0,2.0,98.7,0.0,0.0,0.0,0.0,1.0
262,dacbede322a0937b98e08277a82b1c3535dadba9,CSc1ccc(-c2nc3n(c2-c2ccncc2)CCC3)cc1,7.0,0.0,0.0,8.0,7.0,0.0,0.0,0.0,0.0,0.0
263,15412e754e795e688334e1db5cc7202184b19c16,CSc1cccc2c(-c3ccncn3)c(-c3ccc(F)cc3)nn12,70.0,0.0,29.0,0.0,22.0,0.0,0.0,0.0,0.0,0.0
264,d39d53a985d25fc12719a4122b611daf48575bbe,CSc1nn2c(=O)cc(N3CCOCC3)nc2n1Cc1cccc(Cl)c1Cl,39.0,23.0,11.0,0.0,18.0,0.0,0.0,0.0,0.0,0.0
265,a860d4802a9ffdba3b16f80a7ae2bb5a8b22ee45,CSc1nn2c(=O)cc(N3CCOCC3)nc2n1Cc1cccc(C(F)(F)F)c1C,28.0,4.0,37.5,0.0,11.5,0.0,0.0,0.0,0.0,0.0
266,b6d77d96b56706cd64a276a19c6843aa753ae502,C[C@H]1Oc2cc(cnc2N)-c2c(nn(C)c2C#N)CN(C)C(=O)c2ccc(F)cc21,9.0,9.0,22.0,92.8,98.3,0.0,0.0,0.0,1.0,1.0
267,326fac431f07241863c36d12f1ab7bbc82e641d7,C[C@@H](Oc1cc(-n2cnc3cc(-c4ccnc(NCCS(C)(=O)=O)c4)ccc32)sc1C(N)=O)c1ccccc1Cl,35.0,80.0,51.0,99.1,99.0,0.0,1.0,0.0,1.0,1.0
268,8339055e24290e3e0ec856491db8c9581211ebd0,C[C@@H](Oc1cc(-n2cnc3cc(-c4ccncc4)ccc32)sc1C(N)=O)c1ccccc1Cl,28.0,64.0,36.0,99.8,99.4,0.0,0.0,0.0,1.0,1.0
269,f97d08ca68011b38ad94f48eafaa60a65d1bbbee,C[C@@H](Oc1cc(-n2cnc3cc(-c4cnn(C)c4)ccc32)sc1C(N)=O)c1ccccc1Cl,28.0,96.4,90.0,99.9,99.7,0.0,1.0,1.0,1.0,1.0
270,eaf6d22d6832262fafe5ab1c8e3ebc5acb138f2f,C[C@@H](Oc1cc(-n2cnc3ccc(NC(=O)NC(C)(C)C)cc32)sc1C(N)=O)c1ccccc1Cl,32.0,20.0,24.0,36.0,59.0,0.0,0.0,0.0,0.0,0.0
271,b33ea7c98c1d723b1b49d1363748f3520cffc4ea,C[C@@H](Oc1cc(-n2cnc3ccc(-c4ccncc4)cc32)sc1C(N)=O)c1ccccc1Cl,36.0,36.0,22.0,92.2,95.5,0.0,0.0,0.0,1.0,1.0
272,6f08a92f2db2b31e80d6c6b13941d4de49861982,C[C@@H]1CCCCN1c1cc(-c2ccc3c(N)n[nH]c3c2)nc(N)n1,18.0,4.0,6.0,0.0,0.0,0.0,0.0,0.0,0.0,0.0
273,83233a2b2cf31f77177fd0b4ced5f4ba93b69689,C[C@@H]1CC[C@H](C(=O)NC2CCCCC2)CN1c1cc(-c2ccc3c(N)n[nH]c3c2)nc(N)n1,45.0,27.0,53.0,0.0,20.0,0.0,0.0,0.0,0.0,0.0
274,bf24a32ffed3f11aefcd592ec99e770b98ff9375,C[C@@H]1CC[C@@H](C(=O)Nc2ccccc2)CN1c1cc(-c2ccc3c(N)n[nH]c3c2)nc(N)n1,43.0,18.0,6.0,0.0,1.0,0.0,0.0,0.0,0.0,0.0
275,e77b5da7b8b797e6593d279cc38a69ea2ae59b3b,Cc1nn2c(=O)cc(N3CCO[C@H](C)C3)nc2n1Cc1cccc(Cl)c1Cl,28.0,51.0,69.0,0.0,4.0,0.0,0.0,0.0,0.0,0.0
276,b80788b4aee2f4299748b672692ff8d1e611c683,Cc1c(Cn2c(C)nn3c(=O)cc(N4CCO[C@H](C)C4)nc23)cccc1C(F)(F)F,10.0,13.0,6.0,0.0,18.0,0.0,0.0,0.0,0.0,0.0
277,6c865b176ede87fd44f0f0f89d2f349313ca0168,Cc1ccc(-c2ccc3c(ccc4sc5c(c43)NC[C@@H](C)N=C5N(C)C)n2)cn1,23.0,0.0,0.0,0.0,0.0,0.0,0.0,0.0,0.0,0.0
278,f982ec1a5636c47c0a5c3667ea61724c35884d19,C[C@H]1CC[C@@H](C(=O)Nc2ccccc2)CN1c1cc(-c2ccc3c(N)n[nH]c3c2)nc(N)n1,30.0,1.0,0.0,0.0,0.0,0.0,0.0,0.0,0.0,0.0
279,145dd745d02bad76a731a62ecefa2bc5a4a7e14e,Cc1c(Cn2c(C)c(C)n3c(=O)cc(N4CCOCC4)nc23)cccc1C(F)(F)F,11.0,9.0,4.0,0.0,22.0,0.0,0.0,0.0,0.0,0.0
280,38131449ff6ac00b4d45b8e858721131ed8c3d8c,Cc1c(Cn2c3ccccc3n3c(=O)cc(N4CCOCC4)nc23)cccc1C(F)(F)F,48.0,7.0,0.0,0.0,5.0,0.0,0.0,0.0,0.0,0.0
281,742102d71e0d3a993daca0d2378a796799d5127f,Cc1c(Cn2ccn3c(=O)cc(N4CCOCC4)nc23)cccc1C(F)(F)F,40.0,10.0,8.0,0.0,13.0,0.0,0.0,0.0,0.0,0.0
282,9f549fc0908c4f67a5e08c320b68451f8a6897bc,Cc1cc(NCC(c2ccccc2)c2ccccc2)nc(NCc2ccc(C(F)(F)F)cc2)n1,10.0,6.0,0.0,0.0,0.0,0.0,0.0,0.0,0.0,0.0
283,d06967db17d73b728089362ffdb6674ed2559a1a,Cc1cc(-c2ccnc(Nc3cccc(C#N)c3)n2)cc(C)c1O,38.0,49.0,0.0,17.0,21.0,0.0,0.0,0.0,0.0,0.0
284,ec7cd5613d672cdb7ff373365cf3a166b04b84a0,Cc1cc(-c2c(-c3ccc(F)cc3)ncn2CCCN2CCOCC2)nc(N)n1,0.0,15.0,13.0,18.0,18.0,0.0,0.0,0.0,0.0,0.0
285,83fd928bdbccdbbf6824cb36f01fe15add212927,Cc1cc2cn[nH]c2cc1-c1cccc2c(N)c(C(N)=O)nnc12,56.0,6.0,19.0,19.0,16.0,0.0,0.0,0.0,0.0,0.0
286,83cb97f1330ba577e2f14d6e3103a0752fdc36db,Cc1ccc(C)c(NC(=O)NC2CCN(c3ccnc(Nc4ccc(F)cc4)n3)C2)c1,0.0,14.0,0.0,0.0,0.0,0.0,0.0,0.0,0.0,0.0
287,a592585c765e7c34df0f1ae4f7239e2e891d8a66,Cc1ccc(C)c(NC(=O)NCCNc2ccnc(Nc3ccc(F)cc3)n2)c1,10.0,0.0,3.0,0.0,0.0,0.0,0.0,0.0,0.0,0.0
288,f99386f60f210d681a95d425162faeed7df70fc1,Cc1ccc(C)c(NC(=O)Nc2ccc(C)c(-c3ccc(C(=O)Nc4ccncc4)cc3)c2)c1,35.0,99.9,23.0,0.0,17.0,0.0,1.0,0.0,0.0,0.0
289,d80b95812ca0397bfb6dfdc841a811ab61ab4cb4,Cc1ccc(CC(=O)N2CCc3cc(-c4cn(C)c5ncnc(N)c45)ccc32)cc1,27.0,98.6,7.0,87.0,59.0,0.0,1.0,0.0,1.0,0.0
290,0d1e49167114e28dd332247885c5554f345dd1b8,Cc1ccc(F)c(C(=O)Nc2cccc(-c3nn4ccccc4c3-c3ccnc(Nc4cccc(F)c4)n3)c2)c1F,99.1,99.4,96.3,98.5,94.2,1.0,1.0,1.0,1.0,1.0
291,1327f514c525c2317e51f7f000de0b9e3dcbe55e,Cc1ccc(NC(=O)Nc2cc(C(C)(C)C)nn2-c2ccccc2)cc1,38.0,98.6,46.0,60.0,44.0,0.0,1.0,0.0,0.0,0.0
292,b34638ff1b860fe0286191e706f7706a68c0de06,Cc1ccc(NC(=O)Nc2ccc(Cl)c(C(F)(F)F)c2)cc1-c1ccc(C(=O)Nc2ccncc2)cc1,25.0,99.5,28.0,65.0,21.0,0.0,1.0,0.0,0.0,0.0
293,553490d4e79e91d187c9b460b08f1ab434530fea,Cc1ccc(NC(=O)Nc2ccc(Cl)cc2)cc1-c1ccc(C(=O)Nc2ccncc2)cc1,24.0,99.9,6.0,35.0,12.0,0.0,1.0,0.0,0.0,0.0
294,2554c46a854aab481f1b9b8233b7e0017d0cf6d0,Cc1ccc(NC(=O)Nc2cccc(Cl)c2)cc1-c1ccc(C(=O)Nc2ccncc2)cc1,24.0,99.6,1.0,0.0,6.0,0.0,1.0,0.0,0.0,0.0
295,356ddf7b785be8d7db91d22c7185aacafcbfa3f9,Cc1ccc(NC(=O)Nc2cccc(C(F)(F)F)c2)cc1,0.0,91.4,0.0,0.0,5.0,0.0,1.0,0.0,0.0,0.0
296,7c9311fa0e4a5fd4a8b2d1ff35015f4359a87ec9,Cc1ccc(NC(=O)Nc2ccccc2)cc1-c1ccc(C(=O)Nc2ccncc2)cc1,10.0,99.7,13.0,25.0,13.0,0.0,1.0,0.0,0.0,0.0
297,6b7d1d454fd9c773e803d2c3621fc6f7e26df3f7,Cc1ccc(NC(=O)Nc2ccccc2F)cc1-c1ccc(C(=O)Nc2ccncc2)cc1,24.0,99.6,21.0,33.0,34.0,0.0,1.0,0.0,0.0,0.0
298,51f36b0c735e90f97594149a5f77f9aa4e3659e3,Cc1ccc(NC(=O)c2ccc(Cl)c(Cl)c2)cc1-c1ccc(C(=O)Nc2ccncc2)cc1,32.0,100.0,38.0,0.0,29.0,0.0,1.0,0.0,0.0,0.0
299,b4a5d988b3185e6748c8daa4ef67493ef6f3fbe1,Cc1ccc(NC(=O)c2ccc(Cl)cc2)cc1-c1ccc(C(=O)Nc2ccncc2)cc1,33.0,99.4,0.0,0.0,19.0,0.0,1.0,0.0,0.0,0.0
300,d8a4a53b5ae1f4ab42cc59c4ffff2b23f3640290,Cc1ccc(NC(=O)c2cccc(C#N)c2)cc1-c1ccc(C(=O)Nc2ccncc2)cc1,36.0,100.0,7.0,0.0,0.0,0.0,1.0,0.0,0.0,0.0
301,7846e4564194eadd545757b7ca0a4b32ae63c30c,Cc1ccc(NC(=O)c2cccc(N3CCCCC3)c2)cc1-c1ccc(C(=O)NCC2CC2)cc1,35.0,79.0,10.0,32.0,10.0,0.0,0.0,0.0,0.0,0.0
302,982bc535dd53d5295f1d0f8bce4908055ba1fe29,Cc1ccc(NC(=O)c2ccnc(N3CCCCC3)c2)cc1-c1ccc(C(=O)NCC2CC2)cc1,26.0,87.0,5.0,79.0,5.0,0.0,1.0,0.0,0.0,0.0
303,c1294f7b649b59a6f0df8825e6d7b822d19f4b86,Cc1ccc(O)cc1Nc1cc(C(F)(F)F)nc2ccc(-c3ccncc3)cc12,15.0,14.0,9.0,5.0,26.0,0.0,0.0,0.0,0.0,0.0
304,3d660074f6b40fac6302f357923118561d37939c,Cc1ccc(O)cc1Nc1ccnc2cc(-c3ccc(CN4CCCCC4)o3)ccc12,46.0,100.0,100.0,17.0,34.0,0.0,1.0,1.0,0.0,0.0
305,3f18cdde681cc651ffe5fc3a4c8fa8edb7a31744,Cc1ccc(O)cc1Nc1ccnc2ccc(C(C)(C)C)cc12,37.0,96.9,96.0,16.0,12.0,0.0,1.0,1.0,0.0,0.0
306,2ca84c7731603ac309cecdad77acc57fcb231896,Cc1ccc(-c2cc(-c3c[nH]nc3-c3ccccn3)ccn2)cc1,6.0,23.0,6.0,0.0,0.0,0.0,0.0,0.0,0.0,0.0
307,2a79d081974d9063ec895112d463d5591931cd77,Cc1ccc(-n2nc(C(C)(C)C)cc2NC(=O)Nc2ccc(OCCN3CCOCC3)c3ccccc23)cc1,33.0,86.0,54.0,99.9,68.0,0.0,1.0,0.0,1.0,0.0
308,babf64c76c0f91d2dd192d93268a4cb3429afdb4,Cc1ccc(S(=O)(=O)Nc2ccc(Nc3nccc(Nc4cccc5[nH]ncc45)n3)cc2)cc1,42.0,85.0,8.0,0.0,0.0,0.0,1.0,0.0,0.0,0.0
309,5d0626975dcdf5f0283a9da02cc3579ac4131f0d,Cc1ccc(C(=O)NC2CCCC2)cc1-c1ccc(C(=O)NCC2CC2)cc1,100.0,0.0,0.0,9.0,23.0,1.0,0.0,0.0,0.0,0.0
310,dceea45f3cb09c7ff104023b0e509a2ae1b91f6c,Cc1ccc(-c2nc(Nc3ccncc3)c3ccccc3n2)s1,25.0,22.0,13.0,1.0,9.0,0.0,0.0,0.0,0.0,0.0
311,f53cb993459eaf83a1959ccf03e0bb074211f08c,Cc1ccc2c(-c3ccnc(Nc4ccc(C(F)(F)F)cc4)n3)cnn2n1,0.0,78.0,0.0,16.0,21.0,0.0,0.0,0.0,0.0,0.0
312,8e45f9e3ffeffff3ca60706a7a52857be79aebdb,Cc1cccc(Cn2ccn3c(=O)cc(N4CCOCC4)nc23)c1,22.0,38.0,13.0,0.0,22.0,0.0,0.0,0.0,0.0,0.0
313,e4687ccee66bb5464b859ee69f522bacab1a8b14,Cc1cccc(Nc2nc(NCCN)ncc2C(N)=O)c1,15.0,72.0,14.0,0.0,32.0,0.0,0.0,0.0,0.0,0.0
314,ab2dd9fb9a9cb3298e8c8073d853d3cfeed19ffe,Cc1cccc(-c2cc(-c3c[nH]nc3-c3ccccn3)ccn2)c1,31.0,35.0,48.0,0.0,0.0,0.0,0.0,0.0,0.0,0.0
315,e258a3858bc5d5c4969cdd7ca037841768b00599,Cc1cccc(-c2cc(Nc3ccncc3)c3ccccc3n2)n1,17.0,19.0,0.0,0.0,0.0,0.0,0.0,0.0,0.0,0.0
316,cc30eac7073d137167ce87fad5d1470d9072650a,Cc1cccc(-c2nc(C)cc(Nc3ccncc3)n2)n1,30.0,17.0,18.0,0.0,42.0,0.0,0.0,0.0,0.0,0.0
317,1fa4108de30bac756c27599223a367aacdc37035,Cc1cccc(-c2nc(Nc3ccc4[nH]ncc4c3)c3ccccc3n2)n1,0.0,3.0,13.0,19.0,16.0,0.0,0.0,0.0,0.0,0.0
318,95b10689e9cc70df2b8a934a5c67c7030655b361,Cc1cccc(-c2nc(Nc3ccc4[nH]nnc4c3)c3ccccc3n2)n1,0.0,0.0,0.0,0.0,0.0,0.0,0.0,0.0,0.0,0.0
319,8512638dcbf72f46b45f2e810cfad5793e59e3b7,Cc1cccc(-c2nc(Nc3ccc4c(cnn4C)c3)c3ccccc3n2)n1,0.0,7.0,4.0,10.0,2.0,0.0,0.0,0.0,0.0,0.0
320,aae5e0999979f81e94b2324dc12e003f0721cfde,Cc1cccc(-c2nc(Nc3ccc4ncsc4c3)c3ccccc3n2)n1,2.0,0.0,0.0,27.0,7.0,0.0,0.0,0.0,0.0,0.0
321,46904fea21757eb02af846ce1c6e3150458cb417,Cc1cccc(-c2nc(Nc3cccc(C(N)=O)c3)c3ccccc3n2)n1,15.0,0.0,0.0,21.0,14.0,0.0,0.0,0.0,0.0,0.0
322,e9bf9d6303a280c9423196361719fd3d39d0b5f2,Cc1cc(Nc2nc(-c3cccc(C)n3)nc3ccccc23)ccn1,0.0,0.0,0.0,0.0,0.0,0.0,0.0,0.0,0.0,0.0
323,cf0e62a46457baf97f65b85f475bcd9d208ea3c8,Cc1cccc(-c2nc(Nc3ccncc3)c3ccccc3n2)n1,6.0,10.0,9.0,37.0,18.0,0.0,0.0,0.0,0.0,0.0
324,3185577ab8bab0af31879a7347d0f10d74ca9685,Cc1cccc(-c2nc(Nc3ccncc3)c3sccc3n2)n1,16.0,22.0,31.0,79.0,57.0,0.0,0.0,0.0,0.0,0.0
325,d2dff4ef7cde26ef068a2e259bf8e5747faae9f8,Cc1cccc2c(-c3ccncn3)c(-c3ccc(F)cc3)nn12,47.0,6.0,0.0,0.0,13.0,0.0,0.0,0.0,0.0,0.0
326,8156c8025c51b4b66ed5bdef00646edc727cfcad,Cc1ccccc1-c1cc(-c2c[nH]nc2-c2ccccn2)ccn1,38.0,39.0,0.0,0.0,0.0,0.0,0.0,0.0,0.0,0.0
327,8ba9a2717d8c51c4558aa5a150a7410a50f2ea69,Cc1ccccc1-n1cnc2c(N)ncnc21,0.0,0.0,17.0,0.0,100.0,0.0,0.0,0.0,0.0,1.0
328,ab33a2e5bef5ea1909849960c87670df2e66a1a1,Cc1ccccc1CC(=O)N1CCc2cc(-c3cn(C)c4ncnc(N)c34)ccc21,22.0,99.8,36.0,89.0,48.0,0.0,1.0,0.0,1.0,0.0
329,14ba28159b886f43e7580ac71811781c334b0a11,Cc1ccccc1COc1cc(-n2cnc3cc(Cl)ccc32)sc1C(N)=O,2.0,0.0,7.0,46.0,73.0,0.0,0.0,0.0,0.0,0.0
330,1ca4efd2c06723ff0f7515b8d6296dff09055de6,Cc1ccccc1Cn1ccn2c(=O)cc(N3CCOCC3)nc12,15.0,14.0,0.0,0.0,20.0,0.0,0.0,0.0,0.0,0.0
331,5941679e49a90f661c29567f1c6ff33a4ceeb21a,Cc1cn2c(=O)cc(N3CCOCC3)nc2n1Cc1cccc(Cl)c1Cl,45.0,39.0,21.0,0.0,32.0,0.0,0.0,0.0,0.0,0.0
332,5c9bf81fda7422f8df9da24e41b33692384743af,Cc1csc(-c2nc(Nc3ccncc3)c3ccccc3n2)n1,1.0,12.0,0.0,40.0,22.0,0.0,0.0,0.0,0.0,0.0
333,97e3fc954a8aefafdb5d0b9785295861ec172fab,Cc1n[nH]c2cc(Nc3ccnc(Nc4cccc(CN5CCOCC5)c4)n3)ccc12,22.0,97.7,56.0,0.0,0.0,0.0,1.0,0.0,0.0,0.0
334,3402eb3e91c004c5a87ce17fedeff25d22b7a646,Cc1occc1-c1nc(N)c(OC[C@@H](N)Cc2c[nH]c3ccccc23)cc1-c1cc2c(C)n[nH]c2cn1,97.2,12.0,23.0,56.0,96.7,1.0,0.0,0.0,0.0,1.0
335,9118da73b3821195a1b2cfaf3f0246f07c163e98,Cc1nn2c(=O)cc(N3CCOCC3)nc2n1Cc1cccc(Cl)c1Cl,25.0,10.0,72.0,0.0,4.0,0.0,0.0,0.0,0.0,0.0
336,7192fd2b5723f7417a1ae073f762ab5ecc409f14,Cc1nnc(-c2ccc(C)c(-c3ccc(C(=O)NCC4CC4)cc3)c2)o1,3.0,0.0,18.0,0.0,0.0,0.0,0.0,0.0,0.0,0.0
337,9062991df4152c88277d0d41cbcb5afd42c1baf4,Cc1nnc(-c2ccc(C)c(-c3ccc(C(=O)Nc4ccc(NS(C)(=O)=O)cc4)cc3)c2)o1,13.0,58.0,45.0,6.0,0.0,0.0,0.0,0.0,0.0,0.0
338,0b87d255646f7f1a9fef5334b767b646a2699824,Cc1nnc(-c2ccc(C)c(-c3ccc(C(=O)O)cc3)c2)o1,22.0,0.0,2.0,100.0,0.0,0.0,0.0,0.0,1.0,0.0
339,2982457462a9188625a9186b698a348d0cb12cec,c1ccc(Oc2ccc(Nc3ccnc4cc(-c5ccc(CN6CCNCC6)o5)ccc34)cc2)nc1,97.7,87.0,20.0,54.0,19.0,1.0,1.0,0.0,0.0,0.0
340,787ca50c64d86d2fba37456561b872bad9b6c789,c1ccc(-c2n[nH]cc2-c2ccnc(-c3ccc(CN4CCOCC4)cc3)c2)nc1,34.0,8.0,0.0,0.0,0.0,0.0,0.0,0.0,0.0,0.0
341,7e0033027653b704fff99d70bd594364e2440fc8,c1ccc(Cn2ccc3cc(Nc4ncnc5ccccc45)ccc32)cc1,100.0,41.0,15.0,32.0,32.0,1.0,0.0,0.0,0.0,0.0
342,bf0c5d2191d96f255de62b972229ba67ae19d3bf,c1ccc(Cn2cnc3cc(Nc4ncnc5ccccc45)ccc32)cc1,20.0,0.0,3.0,0.0,20.0,0.0,0.0,0.0,0.0,0.0
343,23e529f2ef91329791b55e794c96b4f46da85493,c1ccc(Cn2ncc3cc(Nc4ncnc5ccccc45)ccc32)cc1,100.0,4.0,13.0,0.0,0.0,1.0,0.0,0.0,0.0,0.0
344,84800f3fe68de49986d3c70a1a445481b2329bed,CC(=O)Nc1ccc(COc2ccc(Nc3ccnc4cc(-c5ccccn5)ccc34)cc2)cc1,23.0,100.0,2.0,7.0,0.0,0.0,1.0,0.0,0.0,0.0
345,d5b2a8d15dedf837d3c20ce9b5b3601b24966821,CC(C)c1nc(-c2cccc(NS(=O)(=O)c3c(F)cccc3F)c2)c(-c2ccnc(Nc3ccc(N4CCOCC4)nc3)n2)s1,99.1,99.9,99.6,99.1,73.0,1.0,1.0,1.0,1.0,0.0
346,5fbe7638d477fc77656971657ca096d65ee3f9d9,CCS(=O)(=O)c1ccc(OC)c(Nc2ncc(-c3ccc(F)cc3)o2)c1,4.0,17.0,13.0,0.0,6.0,0.0,0.0,0.0,0.0,0.0
347,7c89431b8f45b0eca6bc15b9df25261f75e4d8f2,CCn1c(-c2nonc2N)nc2cncc(CNC3CCNCC3)c21,35.0,0.0,5.0,0.0,9.0,0.0,0.0,0.0,0.0,0.0
348,2e0b9808e3c1d381656fe22e2346fd6386081ea8,CN(c1ccc(NC(=O)N2CCN(CCCN3CCOCC3)CC2)cc1)c1ccnc(Nc2ccc(CS(C)(=O)=O)cc2)n1,48.0,98.8,6.0,72.0,47.0,0.0,1.0,0.0,0.0,0.0
349,d6a72c94b94ceb0cfa5906f3bb30c7cef6ac2919,CN1CCN(Cc2ccc(NC(=O)Nc3ccc(N(C)c4ccnc(Nc5ccc(CS(C)(=O)=O)cc5)n4)cc3)cc2)CC1,0.0,100.0,100.0,99.9,97.3,0.0,1.0,1.0,1.0,1.0
350,456d527264c17f1b8585685b6659eb43633574bf,CN(c1ccc(NC(=O)Nc2cccc(Cl)c2)cc1)c1ccnc(N)n1,10.0,100.0,50.0,97.8,20.0,0.0,1.0,0.0,1.0,0.0
351,c4be9905bbe8bad2a6f4fba3fea653443ef78a51,CN(c1ccc2c(c1)nc(NCc1ccc(F)cc1)n2C)c1ccnc(Nc2ccc(CS(C)(=O)=O)cc2)n1,18.0,99.9,100.0,99.5,61.0,0.0,1.0,1.0,1.0,0.0
352,f504f6bfb8409a67628ca1da99163bb503023012,CN(c1ccc2c(c1)nc(NCc1ccccc1)n2C)c1ccnc(Nc2ccc(CS(C)(=O)=O)cc2)n1,0.0,100.0,99.9,99.5,38.0,0.0,1.0,1.0,1.0,0.0
353,1307fdcc12fb65e19331f9a50b158e2845b7afec,CNC(=O)c1ccccc1Nc1nc(Nc2ccc(N3CCOCC3)cc2)ncc1Cl,98.8,92.4,100.0,96.4,99.5,1.0,1.0,1.0,1.0,1.0
354,2f76c77caf5356e289575838615ecae4573109a5,COC(=O)Nc1nc2cc(Oc3ccc(NC(=O)Nc4cc(F)ccc4F)cc3)ccc2[nH]1,35.0,100.0,95.1,98.4,9.0,0.0,1.0,1.0,1.0,0.0
355,d3a194f660379ac5e83614f50dda5b006aa292a9,COC(=O)Nc1nc2cc(Oc3ccc(NC(=O)Nc4cc(C(F)(F)F)ccc4Cl)cc3)ccc2[nH]1,42.0,100.0,100.0,99.7,63.0,0.0,1.0,1.0,1.0,0.0
356,2655d555779a413853d16bf8fc352eddd31bd945,COC(=O)Nc1nc2cc(Oc3ccc(NC(=O)Nc4cccc(SC)c4)cc3)ccc2[nH]1,29.0,99.9,99.8,99.4,33.0,0.0,1.0,1.0,1.0,0.0
357,f76c84129148c812dc9f30f6b0c6152c5d9cbf29,COC(=O)Nc1nc2ccc(Oc3ccc(NC(=O)Nc4cc(C(F)(F)F)ccc4F)cc3)cc2[nH]1,29.0,100.0,100.0,99.1,85.0,0.0,1.0,1.0,1.0,1.0
358,64b5fd3232eada77796d738d4678d5d6af583bc1,COC(=O)Nc1nc2ccc(Oc3ccc(NC(=O)Nc4cc(C(F)(F)F)ccc4F)cc3)cc2n1C,0.0,100.0,99.5,99.2,49.0,0.0,1.0,1.0,1.0,0.0
359,2467fa029e02797048548494aefa28c4b93e705a,COc1cc(Nc2ccnc3cc(-c4ccncc4)ccc23)cc(OC)c1OC,58.0,76.0,24.0,96.9,49.0,0.0,0.0,0.0,1.0,0.0
360,3725227424115a004f3e9bb7191338d500e69d7a,COc1cc2nccc(Nc3ccc(NC(=O)c4ccc(C)cc4)c(O)c3)c2cc1OC,0.0,38.0,49.0,0.0,44.0,0.0,0.0,0.0,0.0,0.0
361,fcdeb2815298bf4ce473d3ee3a84345e2ff4f02f,COc1cc2nccc(Nc3ccc(OCc4ccc(NC(C)=O)cc4)cc3)c2cc1OC,18.0,100.0,11.0,0.0,3.0,0.0,1.0,0.0,0.0,0.0
362,794d458470d6c38d2f87e934949bb5771ba3ff6b,COc1cc2nccc(Nc3ccc(Oc4ccccc4)cc3)c2cc1OC,88.0,79.0,23.0,0.0,26.0,1.0,0.0,0.0,0.0,0.0
363,1b1775d9beb08088ba918ec00757fbba92f72dd8,COc1cc2nccc(Nc3cccc(Oc4ccccc4)c3)c2cc1OC,40.0,15.0,25.0,0.0,21.0,0.0,0.0,0.0,0.0,0.0
364,3a2fbc5dec40fde14d388b1ee68636f50c55d827,COc1cc2ncnc(Nc3ccc(OCc4ccccc4Br)c(Cl)c3)c2cc1OC,99.9,3.0,14.0,96.6,86.0,1.0,0.0,0.0,1.0,1.0
365,c273f2e8f715f8dd919de97d140fcd619ec090b9,COc1cc2ncnc(Nc3ccc4nc(-c5ccccc5)[nH]c4c3)c2cc1OC,59.0,72.0,33.0,5.0,30.0,0.0,0.0,0.0,0.0,0.0
366,fe4eeaa23e13a6f9cc0bc1ad8b1d7c76867f8422,COc1cc2ncnc(Nc3cccc(Br)c3)c2cc1OC,100.0,10.0,47.0,36.0,65.0,1.0,0.0,0.0,0.0,0.0
367,93ff36803372dd167d6e08c893c466139c2dc807,COc1ccc(C)c(Nc2ccnc(Nc3ccc(-c4cnc[nH]4)cc3)n2)c1,28.0,70.0,0.0,57.0,70.0,0.0,0.0,0.0,0.0,0.0
368,ef653cf9af2863b5996e579e12e161bc664c0825,COc1ccc(Nc2ncc(C#N)c(Nc3ccccc3C(N)=O)n2)cc1N1CCN(C)CC1,92.7,99.9,99.9,99.0,100.0,1.0,1.0,1.0,1.0,1.0
369,97cbcbfe135aac4d933841c9a5a3877b75c2b0dc,CS(=O)(=O)CCNCc1ccc(-c2ccc3ncnc(Nc4ccc(OCc5ccccc5)c(Cl)c4)c3c2)o1,100.0,10.0,0.0,58.0,25.0,1.0,0.0,0.0,0.0,0.0
370,a40e4c774348cda343e10e0acc57eb5afde90253,CS(=O)(=O)CCNCc1nc(-c2ccc3ncnc(Nc4ccc(OCc5cccc(F)c5)c(Cl)c4)c3c2)cs1,99.9,7.0,0.0,20.0,20.0,1.0,0.0,0.0,0.0,0.0
371,f0d36d135f3b7f5531b75ccebd7a8452a310ee9c,CS(=O)(=O)CCNCc1nc(-c2ccc3ncnc(Nc4ccc(OCc5ccccc5)c(Cl)c4)c3c2)cs1,100.0,1.0,0.0,0.0,14.0,1.0,0.0,0.0,0.0,0.0
372,ce4be5882da789420b70a2735a8ff1203e0eee82,CSc1nccc(-c2c(-c3ccc(F)cc3)ncn2CCCN2CCOCC2)n1,0.0,0.0,2.0,8.0,0.0,0.0,0.0,0.0,0.0,0.0
373,a94171976430b3e764f873fb6fe001bf60db750d,Cc1cc(-c2ccc3c(c2)CC[C@@H](N[C@@H](C)c2ccccc2)C3)cnc1N,31.0,60.0,0.0,0.0,29.0,0.0,0.0,0.0,0.0,0.0
374,4ba635971a669d2e0826b41bd3f9f8ed0102622a,Cc1c(O)cccc1Nc1ccnc2ccc(C(F)(F)F)cc12,28.0,17.0,24.0,0.0,8.0,0.0,0.0,0.0,0.0,0.0
375,159cd481493e8ebf90ff5fcdebf47ec56a1cc64d,Cc1cc(N2Cc3ccccc3C2)nc(Nc2ccc(S(=O)(=O)N3CCOCC3)cc2)n1,23.0,0.0,0.0,0.0,0.0,0.0,0.0,0.0,0.0,0.0
376,ea05bd09b2ce06b8e6709d819a32c52d5df28885,Cc1ccc(Nc2ccnc(Nc3ccc(C)c(F)c3)n2)cc1O,38.0,93.8,67.0,5.0,41.0,0.0,1.0,0.0,0.0,0.0
377,494ad5af2d0dba2db1c9209ba5e83a36976f89c4,Cc1ccc(Nc2ccnc(Nc3ccc4c(c3)CS(=O)(=O)C4)n2)cc1O,55.0,99.8,100.0,83.0,99.2,0.0,1.0,1.0,1.0,1.0
378,de524a5aaf105c2c1e406b836c2bd454b4b583d3,Cc1ccc(C(=O)Nc2ccc(Nc3ccnc4cc(-c5ccccn5)ccc34)cc2O)cc1,32.0,89.0,26.0,14.0,0.0,0.0,1.0,0.0,0.0,0.0
379,e9063e612cb5fb64faf1f4d32be6fe0356667b64,Cc1ccc(C(=O)Nc2ccc(Nc3ccnc4cc(-c5nccs5)ccc34)cc2O)cc1,45.0,73.0,59.0,68.0,30.0,0.0,0.0,0.0,0.0,0.0
380,9eee3fa89cc3ccaae80555ceaf6b953a36910bd3,Cc1ccc2c(-c3ccncc3)c(-c3ccc(F)cc3)nn2c1,43.0,19.0,14.0,0.0,2.0,0.0,0.0,0.0,0.0,0.0
381,11cac39802d6f87722387d57cff17384702bf40c,Cc1cccc(Nc2nc(N[C@H]3CCCC[C@H]3N)ncc2C(N)=O)c1,38.0,37.0,76.0,0.0,72.0,0.0,0.0,0.0,0.0,0.0
382,63998e9ebe455b8f56957cf8b85b5876878110c0,Cc1cccc(Nc2nc(N[C@H]3CCNC3)ncc2C(N)=O)c1,50.0,94.9,30.0,0.0,30.0,0.0,1.0,0.0,0.0,0.0
383,9f1bf6e9a7ae72689e7a301f6018bbd6187ca316,Cc1cccc2c(-c3ccncc3)c(-c3ccc(F)cc3)nn12,19.0,4.0,18.0,0.0,15.0,0.0,0.0,0.0,0.0,0.0
384,c7444e423a9425b879b37bc0ff78aa473964bce7,Cc1ccn2nc(-c3ccc(F)cc3)c(-c3ccncc3)c2c1,49.0,26.0,4.0,0.0,2.0,0.0,0.0,0.0,0.0,0.0
385,fd62a9927141bafcef82e0a62f321193c53e9590,Cc1cnc(N)c(/C=C/c2cncc(C(=O)NCCc3ccc(Cl)cc3Cl)c2)c1,0.0,99.6,7.0,0.0,0.0,0.0,1.0,0.0,0.0,0.0
386,212d7f24317139ee4133df4480aff9a223693ca5,Cc1nccc(-c2c(-c3ccc(F)cc3)ncn2CCCN2CCOCC2)n1,17.0,0.0,6.0,9.0,32.0,0.0,0.0,0.0,0.0,0.0
387,a1f739f7f048c5aaf07e1a99ff4f6d37ce767363,c1ccc(-c2cc3ccncc3cc2OC2CCNCC2)cc1,23.0,18.0,28.0,0.0,40.0,0.0,0.0,0.0,0.0,0.0
388,76720cb5aebdc6fb0868b4f3b1d7587388221886,CC(C)NCC(Cc1ccccc1)NC(=O)c1cc(Br)c(-c2ccnc3[nH]ccc23)s1,26.0,50.0,66.0,0.0,0.0,0.0,0.0,0.0,0.0,0.0
389,45bb7a3cf76f259e377b5986ab2eeb660874cec4,CCNCC(Cc1ccccc1)NC(=O)c1cc(Br)c(-c2ccnc3[nH]ccc23)s1,28.0,50.0,75.0,0.0,0.0,0.0,0.0,0.0,0.0,0.0
390,519c0595f4e88152f3a836818f6ce3bb4ffe8acf,CCn1c(-c2nonc2N)nc2c(C#CC(C)(C)O)nc(OCCN)cc21,24.0,5.0,23.0,0.0,0.0,0.0,0.0,0.0,0.0,0.0
391,0c9923d7c6571e42c2874f1052f9be49f45be683,CN(C)CCN(C)C(=O)c1cc(-c2ccncc2)c(-c2ccc(Cl)c(O)c2)o1,30.0,0.0,24.0,72.0,91.7,0.0,0.0,0.0,0.0,1.0
392,ff50fd796a61cc0455f376ba15cfddc5f70e932f,CN(C)CCOc1ccc(-c2cc(-c3ccc(Cl)c(O)c3)c(-c3ccncc3)[nH]2)cc1,38.0,5.0,60.0,84.0,98.0,0.0,0.0,0.0,1.0,1.0
393,68718ce0d7b7af58b9ac574af926fa87f4fa1801,Cc1c2ccc(N(C)c3ccnc(Nc4cccc(S(N)(=O)=O)c4)n3)cc2nn1Cc1ccccc1,5.0,99.9,99.9,98.4,66.0,0.0,1.0,1.0,1.0,0.0
394,895d4133d1ed0b013339977796823674bfca31f0,CN1CCN(CCNc2nc3cc(Oc4ccc(NC(=O)Nc5cc(C(F)(F)F)ccc5F)cc4)ccc3[nH]2)CC1,0.0,99.8,99.9,95.2,7.0,0.0,1.0,1.0,1.0,0.0
395,f0b079e84f8864febf976a244ed43a921f0d61e7,COC(=O)Nc1nc2cc(Oc3ccc(NC(=O)Nc4cc(C(F)(F)F)ccc4F)cn3)ccc2[nH]1,12.0,100.0,99.9,99.8,36.0,0.0,1.0,1.0,1.0,0.0
396,f82bbad1e016268a806d7cd3909d1d09a4c49faa,COc1ccc(C[C@@H](CN)NC(=O)c2cc(Br)c(-c3ccnc4[nH]ccc34)s2)cc1,37.0,81.0,98.4,0.0,49.0,0.0,1.0,1.0,0.0,0.0
397,295b3911ba96ece07b4bfc20d01ff10ad6ebc8db,CS(=O)(=O)CCNCc1nc(-c2ccc3ncnc(Nc4ccc5c(cnn5Cc5ccccc5)c4)c3c2)cs1,100.0,6.0,0.0,0.0,0.0,1.0,0.0,0.0,0.0,0.0
398,613bcc501ef7e62eb9b0fcc8fd78dd8a29c79943,Fc1ccc(-c2ncn(C3CCNCC3)c2-c2ccnc(Nc3ccccc3)n2)cc1,81.05,6.0,14.0,18.5,14.0,1.0,0.0,0.0,0.0,0.0
399,50baef0d62797aacc7f1f46d34b61fe16230ccce,N#Cc1ccc(CCNc2nccc(-c3cccc(CN4CCNCC4)c3)n2)cc1,11.0,29.0,26.0,0.0,6.0,0.0,0.0,0.0,0.0,0.0
400,d994fa4d6d40d6d51875bcd23aad38cd38d5c91b,NC(CNC(=O)c1cc(Br)c(-c2ccnc3[nH]ccc23)s1)c1ccccc1,17.0,38.0,30.0,0.0,20.0,0.0,0.0,0.0,0.0,0.0
401,4fb415118d8f5e055f634254c9f2c510f1d5e92b,NCC(C(=O)Nc1cc(Br)c(-c2ccnc3[nH]ccc23)s1)c1ccccc1,27.0,12.0,32.0,0.0,14.0,0.0,0.0,0.0,0.0,0.0
402,52833852c6c9289fc8c2f919c7b80e8e9206a375,NCC(NC(=O)c1cc(-c2ccccc2)c(-c2ccnc3[nH]ccc23)s1)c1ccccc1,84.0,12.0,35.0,0.0,31.0,1.0,0.0,0.0,0.0,0.0
403,fdb58c21325a6bfef1dee60121d8f68a2426f8db,NCC(NC(=O)c1cc(-c2cccnc2)c(-c2ccnc3[nH]ccc23)s1)c1ccccc1,72.0,19.0,28.0,0.0,32.0,0.0,0.0,0.0,0.0,0.0
404,acd7cfe499d16e234a0d355ef7528f66cdf46505,NCC(NCc1ccc(-c2ccnc3[nH]ccc23)s1)c1ccccc1,24.0,25.0,49.0,29.0,74.0,0.0,0.0,0.0,0.0,0.0
405,b48212927645c91adff994cd0abe2b47c328eca7,NC[C@H](CC1CCCCC1)NC(=O)c1cc(Br)c(-c2ccnc3[nH]ccc23)s1,23.0,43.0,25.0,0.0,2.0,0.0,0.0,0.0,0.0,0.0
406,094e19fa81d2173cd898b168784f2df7c1c3e881,NC[C@H](CC1CCCCC1)NC(=O)c1ccc(-c2ccnc3[nH]ccc23)s1,28.0,65.0,38.0,31.0,75.0,0.0,0.0,0.0,0.0,0.0
407,1719150d6719ed5629c0e8ff8395a8aa192ffbe4,NC[C@H](Cc1ccc(C(F)(F)F)cc1)NC(=O)c1cc(Br)c(-c2ccnc3[nH]ccc23)s1,30.0,40.0,74.0,0.0,5.0,0.0,0.0,0.0,0.0,0.0
408,976362cbbd5cf2f42652b1672cdc68aa532e29c2,Nc1nc(-c2ccc3c(N)n[nH]c3c2)cc(N2CCCC(NC(=O)c3ccccc3)C2)n1,28.0,18.0,0.0,0.0,0.0,0.0,0.0,0.0,0.0,0.0
409,1ee17186a5d9a54f79b54be125a90f297e962502,Cn1ccc(-c2cccc(Nc3ccnc4cc(-c5nccs5)ccc34)c2)n1,11.0,33.0,5.0,72.0,42.0,0.0,0.0,0.0,0.0,0.0
410,c30deab33759fc50538a57060eae62250a8b4318,O=C(Nc1ccc(Oc2ccc3[nH]c(NC(=O)c4ccco4)nc3c2)cc1)Nc1cc(C(F)(F)F)ccc1F,44.0,100.0,99.9,99.7,83.0,0.0,1.0,1.0,1.0,1.0
411,6be8ab4257a7e6b4cd63b4188ebc74164b429c86,O=C(Nc1cccc(-c2nn3ncccc3c2-c2ccnc(Nc3cccnc3)n2)c1)c1c(F)cccc1F,98.9,36.0,31.0,0.0,17.0,1.0,0.0,0.0,0.0,0.0
412,cde33995160c50a12d358a13ce8e0cd932a99aba,O=S(=O)(c1cccc(F)c1)c1ccc(Nc2ncnc3cc(Br)sc23)cc1Cl,99.2,34.0,97.9,6.0,8.0,1.0,0.0,1.0,0.0,0.0
413,8ffba90ba89847f94db0ce8a2830c6b1a16cc148,Fc1ccccc1COc1ccc(Nc2ncnc3ccc(-c4nnc(C(F)(F)F)o4)cc23)cc1Cl,99.4,13.0,0.0,0.0,20.0,1.0,0.0,0.0,0.0,0.0
414,bc536f919334c47e25ac8964f2a2f064a3e21a1d,N#CCc1ccc(Nc2nccc(Nc3ccc(Oc4ccccc4)cc3)n2)cc1,33.0,97.4,38.0,0.0,0.0,0.0,1.0,0.0,0.0,0.0
415,cc29a87b308c468a286861c5217ee6f07fa10e4b,c1ccc(-c2ccc3c(Nc4ccc5[nH]ccc5c4)ccnc3c2)nc1,89.0,100.0,96.9,51.0,84.0,1.0,1.0,1.0,0.0,1.0
416,d71bc43f4e05d21e795444702dcaa51e0e2b4cbe,c1ccc(-c2ccc3c(Nc4ccc5[nH]ncc5c4)ccnc3c2)nc1,66.0,94.4,76.0,2.0,31.0,0.0,1.0,0.0,0.0,0.0
417,65e65321b616ba512528fc2d44be9327516021c9,NC(=O)c1cccc(Nc2nccc(Nc3ccc(Oc4c(Cl)cccc4Cl)c(Cl)c3)n2)c1,99.5,17.0,0.0,49.0,0.0,1.0,0.0,0.0,0.0,0.0
418,f1ec67ee78a016675b3e36106ede30688a41bf1c,NC(=O)c1cccc(Nc2nccc(Nc3ccc(Oc4cccc(Cl)c4)c(Cl)c3)n2)c1,96.9,46.0,3.0,15.0,32.0,1.0,0.0,0.0,0.0,0.0
419,1c8cfc075ad483dda01d1c3c72923896616f1e60,NS(=O)(=O)c1cccc(Nc2cc(-c3ccc(F)cc3)n[nH]2)c1,0.0,90.0,0.0,0.0,0.0,0.0,1.0,0.0,0.0,0.0
420,e7463306ea4275f1c2a23dd73833c979e722abcf,Nc1n[nH]c2cc(-c3ccccn3)ccc12,38.0,4.0,2.0,0.0,14.0,0.0,0.0,0.0,0.0,0.0
421,d725e1090c13ae61f1ffcf1d10e7c6f76447345e,Nc1ncnc2occ(-c3ccc(NC(=O)Nc4cc(C(F)(F)F)ccc4F)cc3)c12,30.0,99.9,100.0,99.9,98.0,0.0,1.0,1.0,1.0,1.0
422,d68383073dc0af3b4fe84967547e79cf071f9b98,Oc1cc(-c2nc(-c3ccccc3)[nH]c2-c2ccncc2)ccc1Cl,20.0,13.0,66.0,44.0,81.0,0.0,0.0,0.0,0.0,1.0
423,a1e1da314dde944992cd08b25a2b261665a08cfe,Oc1ccc(-c2nc(-c3ccccc3)[nH]c2-c2ccncc2)cc1,31.0,26.0,26.0,0.0,28.0,0.0,0.0,0.0,0.0,0.0
424,f06bf370ee8c9cb5a8f4b847cda446b10f01c4c6,Oc1cccc(Nc2ccnc3cc(-c4ccncc4)ccc23)c1,76.0,99.8,99.9,31.0,11.0,0.0,1.0,1.0,0.0,0.0
425,11aa4c5fc06fc03c81b52d06cc3a66de9a392bde,N#Cc1c(N2CCOCC2)sc(-c2ccn[nH]2)c1-c1ccc(Cl)cc1,0.0,25.0,0.0,5.0,17.0,0.0,0.0,0.0,0.0,0.0
426,a09368f500de0781c4482fffa5dec034f6814971,N#Cc1ccc(Oc2ccc(Nc3ncnc4cc[nH]c34)cc2Cl)cc1,96.7,31.0,19.0,18.0,7.0,1.0,0.0,0.0,0.0,0.0
427,327762359ba3853f4f379d3ecd22bdf2207630b1,Clc1cc(Nc2ncnc3cc[nH]c23)ccc1OCc1ccccn1,99.9,38.0,17.0,30.0,21.0,1.0,0.0,0.0,0.0,0.0
428,c0c24fe6acb1ac5e686ea0d6266f8d3249460e5f,C[C@@H](Oc1cc(-c2cnn(C3CCNCC3)c2)cnc1N)c1c(Cl)ccc(F)c1Cl,0.0,0.0,27.0,99.5,99.6,0.0,0.0,0.0,1.0,1.0
429,69f2a97bceaa887f249628708af95881ed3c362d,Clc1cc(Cl)cc(Nc2ccnc(Nc3cc(Cl)cc(Cl)c3)n2)c1,38.0,40.0,10.0,0.0,8.0,0.0,0.0,0.0,0.0,0.0
430,356936406ae5f03c79f5c14b1e47f41ae74357d5,O=C(Nc1n[nH]c2nc(-c3ccccc3)c(Cl)cc12)C1CC1,14.0,51.0,0.0,21.0,15.0,0.0,0.0,0.0,0.0,0.0
431,d0839caf5c83425209a97fb853f3c05a9f6fd56d,Clc1ccc(-c2cc(-c3c[nH]nc3-c3ccccn3)ccn2)cc1,24.0,54.0,27.0,30.0,10.0,0.0,0.0,0.0,0.0,0.0
432,f4c09b2cfda81e082872b294aab96c013853edfc,Clc1ccc(-c2nn3ncccc3c2-c2ccnc(Nc3ccc4c(c3)OCCO4)n2)cc1,84.0,99.9,24.0,71.0,87.0,1.0,1.0,0.0,0.0,1.0
433,88c26b4273b6e34ff395321906158227c7df435f,O=C1NC(=O)C(c2ccc(Cl)cc2)=C1Nc1cccc(Cl)c1,20.0,0.0,8.0,0.0,14.0,0.0,0.0,0.0,0.0,0.0
434,9a0e53c978ad638085e0914c2f08a68168e0b814,O=C1NC(=O)C(c2ccc(Cl)cc2)=C1Nc1ccccc1,12.0,0.0,0.0,0.0,0.0,0.0,0.0,0.0,0.0,0.0
435,2e28c32d40a03776c79d6025f31a76586356740b,O=C(NCc1cccs1)c1cc(C(=O)c2c(Cl)cccc2Cl)c[nH]1,0.0,0.0,2.0,21.0,9.0,0.0,0.0,0.0,0.0,0.0
436,62481cae55e331c3cad6389be097126751050541,O=c1cc(N2CCOCC2)nc2n(Cc3cccc(Cl)c3Cl)c(C3CC3)nn12,0.0,0.0,8.0,0.0,46.0,0.0,0.0,0.0,0.0,0.0
437,d6d8ff3d89bc59f31c7c8d327533152a04cbc51e,O=c1cc(N2CCOCC2)nc2n(Cc3cccc(Cl)c3Cl)c3ccccc3n12,30.0,36.0,52.0,0.0,39.0,0.0,0.0,0.0,0.0,0.0
438,1c7b5b157383b6918d1a60e0c021a16abb562282,O=c1cc(N2CCOCC2)nc2n(Cc3cccc(Cl)c3)ccn12,20.0,11.0,87.0,0.0,0.0,0.0,0.0,1.0,0.0,0.0
439,1824bf3b0cdd6cd153486ddb912372e7cb0a4082,O=c1cc(N2CCOCC2)nc2n(Cc3cccc(Cl)c3Cl)ccn12,20.0,32.0,1.0,0.0,17.0,0.0,0.0,0.0,0.0,0.0
440,511150940968e5c368c2693d2cf602f1e746d5d3,O=C1NC(=O)C(c2ccccc2Cl)=C1Nc1cccc(Cl)c1,0.0,0.0,1.0,5.0,96.5,0.0,0.0,0.0,0.0,1.0
441,c4aa23be67dd486da4e819adee2c1ede514501f8,Clc1cccc(-c2nc(Nc3ccncc3)c3ccccc3n2)c1,10.0,10.0,0.0,59.0,43.0,0.0,0.0,0.0,0.0,0.0
442,22c2c56c75f53ae5764322206a2d3d7c1f1c9dee,O=C1NC(=O)C(N2CCc3ccccc32)=C1c1cccc(Cl)c1,0.0,13.0,4.0,0.0,26.0,0.0,0.0,0.0,0.0,0.0
443,25e4385683ec9bf5b7e29c9545ec3b13f4004c8e,O=C1NC(=O)C(N2CCc3ccccc32)=C1c1ccccc1Cl,25.0,2.0,3.0,10.0,29.0,0.0,0.0,0.0,0.0,0.0
444,b97dd5932724d00c97fe7980765c9ab30d576fd6,O=C1NC(=O)C(c2ccccc2Cl)=C1Nc1ccccc1,11.0,0.0,14.0,0.0,51.0,0.0,0.0,0.0,0.0,0.0
445,696baf5c9f83f823edfe19e895222d75604e4c45,Cn1c(=O)c(F)c(Nc2ccc(I)cc2F)c2c(=O)n(OC[C@H](O)CO)cnc21,3.0,7.0,11.0,2.0,0.0,0.0,0.0,0.0,0.0,0.0
446,a271979cc67b678a4a285b457bf0ef3187bd1e76,Cn1cc(-c2ccc3c(c2)CCN3C(=O)Cc2cc(F)cc(F)c2F)c2c(N)ncnc21,16.0,99.1,5.0,91.8,60.0,0.0,1.0,0.0,1.0,0.0
447,329a91d3568440bf1bab7b611c9999650ca9b37b,Cn1cc(-c2ccc3c(c2)CCN3C(=O)Cc2cc(F)cc(C(F)(F)F)c2)c2c(N)ncnc21,23.0,100.0,35.0,84.0,41.0,0.0,1.0,0.0,1.0,0.0
448,5a3ec37314f871a98df92cfafb579d13c75af125,Cn1cc(-c2ccc3c(c2)CCN3C(=O)Cc2cccc(Cl)c2)c2c(N)ncnc21,2.0,100.0,27.0,98.1,67.0,0.0,1.0,0.0,1.0,0.0
449,b43ad96f6c6128384cde31e101ed87cf52ad90b7,Cn1cc(-c2ccc3c(c2)CCN3C(=O)Cc2cccc(F)c2)c2c(N)ncnc21,35.0,100.0,47.0,91.9,55.0,0.0,1.0,0.0,1.0,0.0
450,c19813e72a06a9ea4de360fd23ee804b43b0508a,Cn1cc(-c2ccc3c(c2)CCN3C(=O)Cc2cccc(C(F)(F)F)c2)c2c(N)ncnc21,20.0,87.0,78.0,0.0,14.0,0.0,1.0,0.0,0.0,0.0
451,4584c93507da56e901d3e1b8cc84dea6baf0a897,Cn1cc(-c2ccc3c(c2)CCN3C(=O)Cc2ccccc2Cl)c2c(N)ncnc21,100.0,99.9,99.9,99.8,99.2,1.0,1.0,1.0,1.0,1.0
452,edbb2a01af9536db5e759c920e7a677c5cdc0c80,Cn1cc(-c2cccc3c(N)c(C(N)=O)nnc23)cn1,22.0,5.0,12.0,15.0,0.0,0.0,0.0,0.0,0.0,0.0
453,befef748506481a323490c8f4beb814f72bb54d7,Cn1cc(-c2cnc(N)c3c(-c4ccc5c(c4)CCN5C(=O)Cc4ccccc4)csc23)cn1,3.0,100.0,34.0,98.9,69.0,0.0,1.0,0.0,1.0,0.0
454,e85f13be11a5334c5ab0f3062934d3ae6515b053,Cn1cnc2c(N)ncnc21,13.0,0.0,0.0,4.0,0.0,0.0,0.0,0.0,0.0,0.0
455,f20fc1999d8211e342c5a827a47f7d48733dc32a,Cn1cncc1-c1cc2c(Nc3ccc(OCc4ccccc4)cc3)ncnc2cn1,100.0,39.0,5.0,0.0,19.0,1.0,0.0,0.0,0.0,0.0
456,a4c496cef505b36697fadd7c902365a164940629,Cn1cncc1-c1ccc2ncnc(Nc3ccc(OCc4ccccc4)cc3)c2c1,99.3,28.0,0.0,2.0,19.0,1.0,0.0,0.0,0.0,0.0
457,346377158f78459300ef43dfdae50741f34cf1a5,Cn1cncc1C(=O)NC1CCN(c2ccnc(Nc3ccc(F)cc3)n2)C1,15.0,17.0,0.0,0.0,0.0,0.0,0.0,0.0,0.0,0.0
458,6b944b83755d8ae7592ad68328e501aab10ee7f6,O=C(Nc1cccc(C(F)(F)F)c1)c1cccc(Oc2ccc3nccn3n2)c1,13.0,99.9,69.0,24.0,10.0,0.0,1.0,0.0,0.0,0.0
459,9df06b224bd17b155093be6b0113c277a13d8f5c,O=C(Nc1cccc(Oc2ccc3nccn3n2)c1)Nc1cccc(C(F)(F)F)c1,23.0,100.0,86.0,64.0,0.0,0.0,1.0,1.0,0.0,0.0
460,60753907d5cd6f0a8d308a99ed4b00b8fce89969,O=C(Nc1cccc(Oc2ccc3nc(NC(=O)C4CC4)cn3n2)c1)c1ccccc1C(F)(F)F,82.0,100.0,99.9,95.1,32.0,1.0,1.0,1.0,1.0,0.0
461,a289a66c9234400a8632d64f73a3fd1fdcde3202,FC(F)(F)c1cc(Br)cc(Nc2nccc(-c3cnn4ncccc34)n2)c1,16.0,100.0,0.0,25.0,13.0,0.0,1.0,0.0,0.0,0.0
462,b939569f465832ca6b88bf206f9bd7fc76075857,FC(F)(F)c1cc(Nc2nccc(-c3c(-c4ccc(Cl)cc4)nn4ncccc34)n2)ccc1Cl,24.0,38.0,0.0,6.0,0.0,0.0,0.0,0.0,0.0,0.0
463,5eeb7c00a2de7ca9ba9886ef8b2c73574bd35389,FC(F)(F)c1ccc(/C=C/c2cncnc2Nc2ccc3[nH]c(Cc4ccccc4)nc3c2)cc1,46.0,0.0,8.0,13.0,5.0,0.0,0.0,0.0,0.0,0.0
464,0e9b9a576aee8ad331b3b1219e40225cc645456a,FC(F)(F)c1ccc(-c2cc(-c3c[nH]nc3-c3ccccn3)ccn2)cc1,18.0,26.0,14.0,0.0,23.0,0.0,0.0,0.0,0.0,0.0
465,001cd7132edac9c659492a87c3d125029cd4c1d5,FC(F)(F)c1ccc(-c2ncn(CCCN3CCOCC3)c2-c2ccncc2)cc1,19.0,20.0,20.0,10.0,0.0,0.0,0.0,0.0,0.0,0.0
466,c68f66b73e664a050d5e5d0f19439abf00f6f5c4,FC(F)(F)c1ccc(-c2nn3ncccc3c2-c2ccnc(Nc3cccc(C(F)(F)F)c3)n2)cc1,11.0,43.0,0.0,16.0,21.0,0.0,0.0,0.0,0.0,0.0
467,71eaf08abf079b54e1765e03c867d7458bfd094d,O=c1cc(N2CCOCC2)nc2n(Cc3cccc(C(F)(F)F)c3)ccn12,25.0,13.0,0.0,0.0,18.0,0.0,0.0,0.0,0.0,0.0
468,c3a6cbd8fb444f233a488148a13de78d3a70af4f,FC(F)(F)c1ccccc1-c1cc(-c2c[nH]nc2-c2ccccn2)ccn1,0.0,3.0,11.0,0.0,15.0,0.0,0.0,0.0,0.0,0.0
469,30436e2a04ca018d59c7e2dc5ac8916fdf15eb67,O=C(NOCC1CC1)c1cc(Br)c(F)c(F)c1Nc1ccc(I)cc1Cl,0.0,13.0,6.0,2.0,3.0,0.0,0.0,0.0,0.0,0.0
470,fabd6c660c6fb03bba16c6a545a939b60e5c700d,O=C(NOCC1CC1)c1ccc(F)c(F)c1Nc1ccc(I)cc1Cl,0.0,0.0,17.0,0.0,0.0,0.0,0.0,0.0,0.0,0.0
471,cb42ad2b952792908da4d342b4b7d5b7ecdd1be5,O=C(NOC[C@H](O)CO)c1ccc(F)c(F)c1Nc1ccc(I)cc1F,0.0,0.0,0.0,0.0,3.0,0.0,0.0,0.0,0.0,0.0
472,299daec66f17d1953ae5354848fe33196dcdd9bc,Fc1cccc(COc2ccc(Nc3ncnc4cc[nH]c34)cc2Cl)c1,100.0,24.0,5.0,29.0,34.0,1.0,0.0,0.0,0.0,0.0
473,b4f7a7762431d756976ddb21f7ed314bf6df4678,Fc1cccc(COc2nnc(-c3ccc4c(c3)CCO4)o2)c1,6.0,3.0,5.0,0.0,0.0,0.0,0.0,0.0,0.0,0.0
474,7b083b794a267bf65f0c4536245dd2923ce6f37b,Fc1cccc(CSc2nnc(-c3ccc4c(c3)CCO4)o2)c1,17.0,5.0,0.0,9.0,5.0,0.0,0.0,0.0,0.0,0.0
475,9c1a9c546093dad13d68c168f4f7ba0d95e97429,O=C(Nc1ccc(Oc2ccc3nc(NC(=O)C4CC4)cn3n2)c(F)c1)c1cccn(-c2ccccc2)c1=O,13.0,100.0,99.9,99.5,0.0,0.0,1.0,1.0,1.0,0.0
476,418d93dda2c64560785281d515398ed5181fbd5e,Fc1cc(Cl)ccc1Nc1ccnc2cc(I)ccc12,21.0,49.0,53.0,0.0,0.0,0.0,0.0,0.0,0.0,0.0
477,ea653a1c593e87e2d22e3ba2cb978a61fb4bf6bb,Fc1cc(Cl)ccc1Nc1ccnc2cc(-c3ccc(CN4CCCCC4)o3)ccc12,27.0,61.0,22.0,0.0,0.0,0.0,0.0,0.0,0.0,0.0
478,194eca6303f08a478847f4eb4fd784584dd1c59e,Fc1cc(Cl)ccc1Nc1ccnc2cc(-c3ccc(CN4CCOCC4)o3)ccc12,71.0,100.0,99.8,62.0,32.0,0.0,1.0,1.0,0.0,0.0
479,399652f6d46207317f829d6aafdadcfd2492539c,Fc1cc(Cl)ccc1Nc1ccnc2cc(-c3ccc(CN4CCSCC4)o3)ccc12,71.0,100.0,98.3,73.0,65.0,0.0,1.0,1.0,0.0,0.0
480,7ea8fe064b4d3539d4ca6ede6717f7106b0c4001,O=C(NCCNc1ccnc(NCc2ccc(F)cc2)n1)c1cc2ccccc2s1,23.0,77.0,79.0,0.0,12.0,0.0,0.0,0.0,0.0,0.0
481,6e3c05ad7478e7ed988006b840d09f25b18e6ff2,O=C(Nc1ccc2c(c1)OCO2)NC1CCN(c2ccnc(NCc3ccc(F)cc3)n2)CC1,44.0,2.0,21.0,0.0,12.0,0.0,0.0,0.0,0.0,0.0
482,7aa11e9c504a745f0340d490f6860c4f8d4c7241,O=c1cc(N2CCOCC2)nc2n(Cc3ccc(F)c(Cl)c3)ccn12,18.0,9.0,0.0,0.0,0.0,0.0,0.0,0.0,0.0,0.0
483,a3c81d7a4284e4efa5b4d61658b65c583ba9a987,O=C(NCCNc1ccnc(Nc2ccc(F)cc2)n1)Nc1ccc2c(c1)OCO2,0.0,34.0,0.0,0.0,0.0,0.0,0.0,0.0,0.0,0.0
484,ca2a62ee95ee99c3976a251045edf50b50b025a8,O=C(NCCNc1ccnc(Nc2ccc(F)cc2)n1)Nc1ccccc1F,22.0,48.0,5.0,0.0,11.0,0.0,0.0,0.0,0.0,0.0
485,976772c03d5ab58da4c1e799103df5e940667794,O=C(NCCNc1ccnc(Nc2ccc(F)cc2)n1)c1cc2ccccc2s1,23.0,0.0,0.0,0.0,17.0,0.0,0.0,0.0,0.0,0.0
486,e450537b1bdaabd48d7067706d8ed64b39051fc9,Fc1ccc(Nc2nccc(-c3c(-c4ccc(Cl)cc4)nn4ncccc34)n2)cc1F,24.0,38.0,9.0,28.0,6.0,0.0,0.0,0.0,0.0,0.0
487,34ef120b3c217f2db1f344b91722e6875848bfd4,O=C(Nc1ccc2c(c1)OCO2)NC1CCN(c2ccnc(Nc3ccc(F)cc3)n2)C1,0.0,54.0,22.0,0.0,10.0,0.0,0.0,0.0,0.0,0.0
488,a0d72095fe47f9776bd3afb2b083eb34143f96df,O=C(Nc1ccccc1F)NC1CCN(c2ccnc(Nc3ccc(F)cc3)n2)C1,0.0,5.0,8.0,0.0,5.0,0.0,0.0,0.0,0.0,0.0
489,7b6e2b8056d4ec012148238f3f4e980af992db5d,O=C(NC1CCN(c2ccnc(Nc3ccc(F)cc3)n2)C1)c1cc2ccccc2s1,22.0,21.0,10.0,0.0,32.0,0.0,0.0,0.0,0.0,0.0
490,285ba17f1695f97e6ff0f969b8c40a3a7c66642f,N#Cc1cccc(C(=O)NC2CCN(c3ccnc(Nc4ccc(F)cc4)n3)C2)c1,14.0,9.0,18.0,0.0,16.0,0.0,0.0,0.0,0.0,0.0
491,63bc478bf71dd79e4fb3dcd9cb4ea533c888ffdb,O=C(Nc1ccccc1F)NC1CCN(c2ccnc(Nc3ccc(F)cc3)n2)CC1,47.0,7.0,4.0,0.0,0.0,0.0,0.0,0.0,0.0,0.0
492,2211c4e690e9c08422a4acb1a7188e2be246c7c5,C=CC(=O)Nc1cc2c(Nc3ccc(F)c(Cl)c3)ncnc2cc1OCCCN1CCOCC1,99.2,7.0,38.0,34.0,39.0,1.0,0.0,0.0,0.0,0.0
493,31e6b64eed9732e96e580698c65194f964df1bbb,Fc1ccc(-c2nc3n(c2-c2ccncc2)CCS3)cc1,32.0,15.0,22.0,0.0,25.0,0.0,0.0,0.0,0.0,0.0
494,ba3d65b04423521deac3b96ea4a6957dbb487aab,Fc1ccc(-c2nc[nH]c2-c2ccncc2)cc1,31.0,0.0,0.0,16.0,32.0,0.0,0.0,0.0,0.0,0.0
495,820605d006ed9756c3f67ee9ebded1fd07af9531,Fc1ccc(-c2ncn(C3CCNCC3)c2-c2ccnc(Oc3ccc(-c4ccccc4)cc3)n2)cc1,3.0,17.0,3.0,21.0,0.0,0.0,0.0,0.0,0.0,0.0
496,146c6160fb982fff695bc08d98095b699230f772,Fc1ccc(-c2ncn(CCCN3CCOCC3)c2-c2ccccn2)cc1,12.0,0.0,7.0,8.0,23.0,0.0,0.0,0.0,0.0,0.0
497,e49a60a76f7cdd7e43e86f8311638d9c3a29bb95,Fc1ccc(-c2ncn(CCCN3CCOCC3)c2-c2cccnc2)cc1,0.0,2.0,3.0,14.0,25.0,0.0,0.0,0.0,0.0,0.0
498,24092928e5bd40e94f41344b5078eee6b323843c,Fc1ccc(-c2ncn(CCCNCc3ccccc3)c2-c2ccncc2)cc1,17.0,19.0,18.0,19.0,35.0,0.0,0.0,0.0,0.0,0.0
499,b5dfda5722d82fca4e8749f7c0201d58395d9342,Fc1ccc(-c2nn3c(OCC(F)(F)F)cccc3c2-c2ccncc2)cc1,20.0,24.0,0.0,0.0,0.0,0.0,0.0,0.0,0.0,0.0
500,cbe9c249c235142fec30536897410cef524e3789,Fc1ccc(-c2nn3cccc(F)c3c2-c2ccncc2)cc1,52.0,3.0,98.0,8.0,16.0,0.0,0.0,1.0,0.0,0.0
501,cabe9f258ac5511e83fef27df55969a7e0963c57,O=C(NCC1CC1)c1ccc(-c2cc(C(=O)NC3CC3)ccc2F)cc1,15.0,0.0,4.0,5.0,0.0,0.0,0.0,0.0,0.0,0.0
502,b6b61cd17c189a6127a7fbd4b945d18b3411193c,O=C(Nc1n[nH]c2cc(-c3cccc(F)c3F)ccc12)C1CC1,12.0,18.0,0.0,0.0,0.0,0.0,0.0,0.0,0.0,0.0
503,b5c318347c1ba0c218061c9747f0a4b44adc3e77,Fc1cccc(COc2ccc(Nc3ncnc4nn5ccccc5c34)cc2Cl)c1,100.0,0.0,0.0,0.0,2.0,1.0,0.0,0.0,0.0,0.0
504,3a4dbbe735a32cf9459659af520c8ab25d2017fa,Fc1cccc(COc2ccc(Nc3ncnc4sc(-c5ccc[nH]5)cc34)cc2Cl)c1,100.0,16.0,14.0,28.0,24.0,1.0,0.0,0.0,0.0,0.0
505,1e539a035da2200d7f575cad7d3d8542f1e97034,O=c1cc(N2CCOCC2)nc2n(Cc3cccc(F)c3)ccn12,32.0,10.0,31.0,0.0,18.0,0.0,0.0,0.0,0.0,0.0
506,8967483f424a60c94d47c196c3bfe653086bf793,O=C(Nc1cccc(-c2nn3ccccc3c2-c2ccnc(Nc3cccc(C(F)(F)F)c3)n2)c1)c1c(F)cccc1F,98.2,94.6,73.0,80.0,54.0,1.0,1.0,0.0,1.0,0.0
507,11148251872bfa50565a9694c9bdd61fa9b36ed3,O=C(Nc1cccc(-c2nn3ncccc3c2-c2ccnc(Nc3cccc(C(F)(F)F)c3)n2)c1)c1c(F)cccc1F,99.1,98.7,64.0,96.6,81.0,1.0,1.0,0.0,1.0,1.0
508,89cea0f55f2cf451b84506be62f8a3b31a4389dc,O=C(Nc1cccc(-c2nn3ncccc3c2-c2ccnc(Nc3ccccc3)n2)c1)c1c(F)cccc1F,100.0,100.0,99.7,99.0,95.0,1.0,1.0,1.0,1.0,1.0
509,21d64ef57660e32110b471b3464a26c3484eff5b,O=C(Nc1c(F)cccc1F)c1cc(C(=O)c2ccccc2F)c[nH]1,26.0,9.0,4.0,28.0,0.0,0.0,0.0,0.0,0.0,0.0
510,c09266e161741cb0732bdd45916963662e7e67f8,O=C(Nc1cccc(-c2nn3ccccc3c2-c2ccnc(Nc3cccc(F)c3)n2)c1)c1c(F)ccc(F)c1Cl,100.0,98.2,84.0,97.6,91.2,1.0,1.0,1.0,1.0,1.0
511,cebad8347bf622dbedae6df17065eaa1a7ee8fe7,O=C(Nc1n[nH]c2cc(-c3cccc(F)c3)ccc12)C1CC1,0.0,33.0,0.0,6.0,11.0,0.0,0.0,0.0,0.0,0.0
512,fb52bedb94a6b4c664f8f7ab30df50245c6f3fc5,O=C(Nc1n[nH]c2cc(-c3ccccc3F)ccc12)C1CC1,0.0,10.0,0.0,1.0,1.0,0.0,0.0,0.0,0.0,0.0
513,326ca318c41ed3bdff52d71e5ee33c30e48b9591,O=c1cc(N2CCOCC2)nc2n(Cc3ccccc3F)ccn12,18.0,7.0,0.0,0.0,28.0,0.0,0.0,0.0,0.0,0.0
514,48591eb18edbd69b235acc523aa0fec912975611,CS(=O)(=O)c1ccc(-c2c(-c3ncn[nH]3)sc(N3CCOCC3)c2C#N)cc1,12.0,28.0,5.0,31.0,3.0,0.0,0.0,0.0,0.0,0.0
515,e68c7fc6007fcc1c3080aed4a9dc13c4ffd64eef,COc1cc2c(cc1OCCN1CCN(C)CC1)ncc1c3ccc(C#N)cc3[nH]c21,0.0,83.0,29.0,33.0,34.0,0.0,1.0,0.0,0.0,0.0
516,0d058f237a1de4f418c3bc7a3c0579f6170de2ef,COc1cc2c(cc1OCCN1CCNCC1)ncc1c3ccc(C#N)cc3[nH]c21,26.0,70.0,35.0,42.0,23.0,0.0,0.0,0.0,0.0,0.0
517,aedfbe499594de1d6b037b9ff379af8b8ca3587e,COCCOCCOc1cc2ncc3c4ccc(C#N)cc4[nH]c3c2cc1OC,12.0,73.0,45.0,73.0,45.0,0.0,0.0,0.0,0.0,0.0
518,1c3e01d14873eb3e2d0f4bacae6775e9e70234b5,COc1cc2c(cc1OC[C@@H](O)CO)ncc1c3ccc(C#N)cc3[nH]c21,0.0,63.0,52.0,20.0,0.0,0.0,0.0,0.0,0.0,0.0
519,0ea087c5f17259cc14b5ea3dea00ff6e9e62d313,N#Cc1ccc(-c2cc(-c3c[nH]nc3-c3ccccn3)ccn2)cc1,0.0,6.0,12.0,0.0,6.0,0.0,0.0,0.0,0.0,0.0
520,52e7a0c6185dbff8f7d34ecb59a6a9abc8a8415f,N#Cc1cnc2cc(-c3cnc(CNCCN4CCOCC4)s3)ccc2c1Nc1ccc(Oc2ccccc2)cc1,98.1,19.0,60.0,88.0,67.0,1.0,0.0,0.0,1.0,0.0
521,e3f50071288c74d0674344e5b1b274c3111b3bfb,c1ccc(-c2n[nH]cc2Nc2ccnc3ccccc23)nc1,15.0,33.0,0.0,0.0,0.0,0.0,0.0,0.0,0.0,0.0
522,b92f95a14a3feaad9b06c8201321cccd79439716,c1ccc(Oc2ccc(Nc3ccnc4ccc(-c5ccccn5)cc34)cc2)cc1,82.0,45.0,6.0,0.0,10.0,1.0,0.0,0.0,0.0,0.0
523,f213ffcb52406ff86a3622cf0b095601c88b76e5,NC(=O)Nc1sc(-c2ccc(F)cc2)cc1C(N)=O,23.0,65.0,55.0,22.0,25.0,0.0,0.0,0.0,0.0,0.0
524,147ce135084cfd3901776b8c3bcd95ffaf2e3ba2,NC(=O)c1cc(-c2ccccc2)cc2c(C3CCNCC3)c[nH]c12,25.0,77.0,7.0,0.0,10.0,0.0,0.0,0.0,0.0,0.0
525,fe8edf5a87c6960fa1779171bcea91501346266b,NC(=O)c1nnc2ccccc2c1N,0.0,10.0,8.0,10.0,0.0,0.0,0.0,0.0,0.0,0.0
526,8ecf5008f029130dfed6d3768a84350e37873366,NC(=O)c1sc(-n2cnc3ccccc32)cc1OCc1ccccc1F,84.0,0.0,24.0,63.0,63.0,1.0,0.0,0.0,0.0,0.0
527,0faba66d352e096951c696fdecc1335bad252875,NC(=O)c1ccc(-c2cc3ncnc(SCC(=O)O)c3s2)cc1,0.0,68.0,0.0,0.0,10.0,0.0,0.0,0.0,0.0,0.0
528,e9085ba833e4c7a69be909fb6fd1b286ffea1786,NCCNS(=O)(=O)c1ccc(-c2ccnc3[nH]ccc23)cc1,18.5,36.0,23.5,6.0,82.0,0.0,0.0,0.0,0.0,1.0
529,a8cb896de0c5b2c695b18a4e78a006e4cdf2b866,NS(=O)(=O)CCc1cccc(Nc2nccc(-c3c(-c4cccc(NC(=O)c5c(F)cccc5F)c4)nn4ccccc34)n2)c1,100.0,100.0,99.9,99.4,97.7,1.0,1.0,1.0,1.0,1.0
530,142b047ffeee4ffd4ae7f70f65e9c5b5ec3c9d58,NS(=O)(=O)c1cccc(N/C=C2\C(=O)Nc3ccc(S(=O)(=O)Cc4c(Cl)cccc4Cl)cc32)c1,24.0,15.0,0.0,0.0,15.0,0.0,0.0,0.0,0.0,0.0
531,869c2bc276e2e94950653316290f52fead3dc119,NS(=O)(=O)c1cccc(-c2ccc3ncc(N4CCOCC4)nc3c2)c1,12.0,14.0,0.0,0.0,2.0,0.0,0.0,0.0,0.0,0.0
532,36b0fd1ca878d3591c8d85b0df688de66d6c2fb1,NS(=O)(=O)c1cccc(-c2ccc3nccc(-c4cccc(S(N)(=O)=O)c4)c3c2)c1,0.0,0.0,0.0,2.0,0.0,0.0,0.0,0.0,0.0,0.0
533,627a3f2e37cd85b5c63a39d621d81acf3987060c,Nc1nc(Nc2ccccc2)cc(-c2ccc3c(N)n[nH]c3c2)n1,16.0,0.0,6.0,13.0,0.0,0.0,0.0,0.0,0.0,0.0
534,bd41ce01e59825c928d3c7496ff706d0f79ecd6d,Nc1nc(-c2ccc3c(N)n[nH]c3c2)cc(N2CCCC2)n1,2.0,12.0,0.0,0.0,0.0,0.0,0.0,0.0,0.0,0.0
535,6d33706a16edac7701c3d89ac08e50b75d55973d,Nc1nc(-c2ccc3c(N)n[nH]c3c2)cc(N2CCCCC2)n1,3.0,5.0,1.0,0.0,5.0,0.0,0.0,0.0,0.0,0.0
536,371dd06f4e3d69a7e5ca2f646f88c72045c8d757,Nc1cccc(-c2ccc3c(N)n[nH]c3c2)c1,0.0,23.0,5.0,0.0,2.0,0.0,0.0,0.0,0.0,0.0
537,ee4ea6ab1fe2d26c9242452ec8885b21b470af3b,Nc1cccc(-c2ccc3c(N)n[nH]c3c2)n1,0.0,14.0,0.0,0.0,0.0,0.0,0.0,0.0,0.0,0.0
538,80d8c4142d568c828b0b65fc096ad4d6d9516540,Nc1nccc(-c2ccc3c(N)n[nH]c3c2)n1,24.0,6.0,9.0,0.0,25.0,0.0,0.0,0.0,0.0,0.0
539,450a05e929b279fead1d465550854de465221d74,Nc1n[nH]c2cnc(-c3ccccc3)cc12,38.0,0.0,0.0,0.0,0.0,0.0,0.0,0.0,0.0,0.0
540,27a7944c6c7577f55f97a0140078387eefdb8355,Nc1n[nH]c2ncc(-c3ccccc3)cc12,0.0,83.0,12.0,0.0,0.0,0.0,1.0,0.0,0.0,0.0
541,15afb47a26c3883f0f6fe78f38b02b3d05f9fe46,Nc1n[nH]c2nnc(-c3ccccc3)c(-c3ccccc3)c12,36.0,18.0,0.0,0.0,24.0,0.0,0.0,0.0,0.0,0.0
542,613eb19b10c13c6a17131dd14dfb86c2f0ca05a3,Nc1n[nH]c2nnc(-c3ccccc3)cc12,34.0,1.0,88.0,0.0,0.0,0.0,0.0,1.0,0.0,0.0
543,73fdbb7f717e8e232062309c29b0dc683306709d,Nc1nc(-c2nccs2)c(-c2ccnc3ccccc23)s1,26.0,0.0,37.0,0.0,9.0,0.0,0.0,0.0,0.0,0.0
544,aa64a679f8045d5c4d726e7fa3acb08a0f140d14,Nc1nc(N)c2nc(-c3ccccc3)[nH]c2n1,14.0,21.0,25.0,14.0,21.0,0.0,0.0,0.0,0.0,0.0
545,640d6709f2d0b9f685ed8891ef433a67926717c2,Nc1nc(-c2ccccc2F)c(-c2ccnc3ccccc23)s1,36.0,9.0,0.0,0.0,4.0,0.0,0.0,0.0,0.0,0.0
546,1c18e43be08f8fd55d35827feb26cb882c81a7a6,Nc1nc(-c2ccccn2)c(-c2ccnc3ccccc23)s1,16.0,11.0,23.0,0.0,7.0,0.0,0.0,0.0,0.0,0.0
547,3a919ddc5b8a7cfe7365eb7d6e8730b4d3ba4250,Nc1nc(-c2cccnc2)c(-c2ccnc3ccccc23)s1,0.0,23.0,0.0,0.0,18.0,0.0,0.0,0.0,0.0,0.0
548,fdcf6d2d2026a25c102be1e9f05cd47f14ae21a4,Nc1ncc(-c2cccnc2)c2scc(-c3ccc4c(c3)CCN4C(=O)Cc3ccccc3)c12,16.0,98.5,21.0,75.0,33.0,0.0,1.0,0.0,0.0,0.0
549,464416c312769be0c6761375873c8ca286d6af22,Nc1ncc(-c2cn[nH]c2)c2scc(-c3ccc4c(c3)CCN4C(=O)Cc3ccccc3)c12,25.0,100.0,34.0,98.6,73.0,0.0,1.0,0.0,1.0,0.0
550,663e80ec6098eee3762ffaf9b82c0630b387a718,Nc1ncc(-c2ccc3nccc(-c4ccncc4)c3c2)cc1S(=O)(=O)N1CCCCC1,1.0,44.0,13.0,7.0,69.0,0.0,0.0,0.0,0.0,0.0
551,ed817a625b7f26b3d8a653593b86a5ebd544ea92,Nc1ncc(-c2ccc3nccc(-c4ccncc4)c3c2)cc1S(=O)(=O)N1CCOCC1,18.0,16.0,0.0,0.0,36.0,0.0,0.0,0.0,0.0,0.0
552,cf11610a11f92a5f4653436db795a954d09061df,Nc1nccc(-c2c(-c3ccc(F)cc3)ncn2C2CCN(CC(F)(F)F)CC2)n1,29.0,0.0,12.0,2.0,0.0,0.0,0.0,0.0,0.0,0.0
553,2a1e926d1a2c0ee95da2b78aa4791fca52a139c5,Nc1nccc(-c2c(-c3ccc(F)cc3)ncn2C2CCN(Cc3ccccc3)CC2)n1,10.0,0.0,6.0,18.0,0.0,0.0,0.0,0.0,0.0,0.0
554,291fa031dfca84d36353a8a1c522d9745c0a6109,Nc1nccc2scc(-c3ccc4c(c3)CCN4C(=O)Cc3cc(F)ccc3F)c12,21.0,64.0,65.0,0.0,13.0,0.0,0.0,0.0,0.0,0.0
555,2e3e40189db3b90dc3d504c2ff0ca84f711199b3,Nc1nccc2scc(-c3ccc4c(c3)CCN4C(=O)Cc3ccccc3)c12,21.0,74.0,11.0,21.0,14.0,0.0,0.0,0.0,0.0,0.0
556,d68e2bef4c0dbb2ec2feb4fd1af0c7b274f2b3f0,Nc1ncnc2[nH]c(-c3ccccc3)nc12,25.0,21.0,0.0,0.0,14.0,0.0,0.0,0.0,0.0,0.0
557,e8a95424669fca8e436ac0a73ac8ccb2d81cb286,Nc1ncnc2c1nc(-c1ccccc1)n2-c1ccccc1,7.0,0.0,17.0,21.0,0.0,0.0,0.0,0.0,0.0,0.0
558,87e5f864aa4ddc2c727887aad3095610327f8935,Nc1ncnc2c1ncn2-c1ccc(Cl)cc1,15.0,65.0,9.0,0.0,20.0,0.0,0.0,0.0,0.0,0.0
559,c97675a17fa80d05f0ae8244622ca784103a677f,Nc1ncnc2c1ncn2-c1cccc(F)c1,9.0,39.0,1.0,0.0,18.0,0.0,0.0,0.0,0.0,0.0
560,520b1413646fc3a3930e4196f07d236555a7a4fc,Nc1ncnc2c1ncn2-c1cccc2ccccc12,45.0,8.0,0.0,3.0,0.0,0.0,0.0,0.0,0.0,0.0
561,480da558f99231e4c9be00d063868f7d23726962,Nc1ncnc2occ(-c3ccc4c(c3)CCN4C(=O)Cc3cc(F)ccc3F)c12,18.0,66.0,10.0,33.0,5.0,0.0,0.0,0.0,0.0,0.0
562,e9d45430c113505d0fd3269b894b190990f3a95c,O=C1Cc2cc(Nc3nc(NCc4cccc(S(=O)(=O)C(F)(F)F)c4)ncc3C(F)(F)F)ccc2N1,0.0,16.0,5.0,1.0,0.0,0.0,0.0,0.0,0.0,0.0
563,1a7a636dc28384e833c31021090c2193ded5a561,O=C(NCCCN1CCCC1=O)c1cnc(NCc2cc(Cl)ccc2Cl)nc1NC1CCNCC1,20.0,0.0,8.0,4.0,14.0,0.0,0.0,0.0,0.0,0.0
564,2153a3bf72a7f4b85210d1a804d176d8a8e56f13,CS(=O)(=O)c1cccc(CNc2nc(Nc3ccc4c(c3)CCC(=O)N4)ncc2C(F)(F)F)c1,0.0,44.0,90.1,0.0,20.0,0.0,0.0,1.0,0.0,0.0
565,228331439695ce6ff2f6a711afd8d4a6774b43d8,CSc1ccc(-c2cc3ncnc(SCC(=O)O)c3s2)cc1,27.0,51.0,8.0,19.0,0.0,0.0,0.0,0.0,0.0,0.0
566,dcfc361d45851c3ec0605125d2b7e5ee286b0e1b,O=C(c1ccc(-c2cc(-c3c[nH]nc3-c3ccccn3)ccn2)cc1)N1CCCC1,27.0,11.0,5.0,0.0,3.0,0.0,0.0,0.0,0.0,0.0
567,febe3994d91a3a3e8a756224cd4f2cf784e9e770,O=C(c1ccc(-c2cc(-c3c[nH]nc3-c3ccccn3)ccn2)cc1)N1CCOCC1,4.0,0.0,0.0,28.0,0.0,0.0,0.0,0.0,0.0,0.0
568,fba1458ff503b80dc2132d9cfd2124e2ae3c0f3c,CCc1ccnc(/C=C/c2n[nH]c3cc(Sc4ccccc4C(=O)NC)ccc23)c1,0.0,100.0,83.0,23.0,0.0,0.0,1.0,1.0,0.0,0.0
569,263580d6daee197fc6248585cd2fa49e976ede6f,CNC(=O)c1ccccc1Sc1ccc2c(/C=C/c3ccccn3)n[nH]c2c1,13.0,100.0,90.5,66.0,84.0,0.0,1.0,1.0,0.0,1.0
570,d5db289dae0b5aada8a74d7738f737dde05590a3,O=C(Nc1ccccc1)c1cccc(Oc2ccc3nccn3n2)c1,3.0,98.4,0.0,7.0,9.0,0.0,1.0,0.0,0.0,0.0
571,070dd94c9308d1f9990dd1b4ee3398ccaa5d9d3b,O=C(Nc1ccccc1)Nc1ccc(Oc2ccc3nccn3n2)cc1,23.0,95.8,0.0,39.0,20.0,0.0,1.0,0.0,0.0,0.0
572,d8ee06b773528ddd40fce5cd0195f1c20afc922d,O=C(Nc1ccccc1)Nc1cccc(Oc2ccc3nccn3n2)c1,33.0,100.0,8.0,18.0,12.0,0.0,1.0,0.0,0.0,0.0
573,55af4eebf2d6f5487a9769faa42de5494cad927b,N#CC1(c2cccc(C(=O)Nc3cccc(Oc4ccc5nc(NC(=O)C6CC6)sc5n4)c3)c2)CC1,36.0,99.9,100.0,95.9,39.0,0.0,1.0,1.0,1.0,0.0
574,431b68e491f1d4c3a082e35682e9224caab93a67,CCNC(=O)/C=C/c1n[nH]c2cc(Sc3ccccc3C(=O)NC)ccc12,23.0,100.0,80.0,27.0,23.0,0.0,1.0,1.0,0.0,0.0
575,2442d1157a0bb3d539193beeefe80a6b5ca18b15,O=C(NCCCN1CCOC1=O)c1cnc(NCc2cc(Cl)ccc2Cl)nc1NC1CCCC1,0.0,23.0,22.0,10.0,11.0,0.0,0.0,0.0,0.0,0.0
576,786bfa45b7462c409ee63ea0537f0c50584c2107,O=C(NCCCN1CCOCC1)c1cccc(Nc2nccc(Nc3ccc(Oc4ccccc4)cc3)n2)c1,80.0,80.0,17.0,23.0,8.0,1.0,1.0,0.0,0.0,0.0
577,33ac55e8b4227d2e13553fd87f62adb102997dfe,C[C@@H]1CNc2c(sc3ccc4nc(-c5ccc(O)cc5)ccc4c23)C(=O)N1,11.0,54.0,13.0,19.0,0.0,0.0,0.0,0.0,0.0,0.0
578,cc24984948610293ae07190ecbc2c0369cc677b8,C[C@@H]1CNc2c(sc3ccc4nc(-c5ccncc5)ccc4c23)C(=O)N1,0.0,34.0,14.0,14.0,1.0,0.0,0.0,0.0,0.0,0.0
579,715ba38496570523ba837d2202e12bb63d5b4a67,O=C(Nc1n[nH]c2cc(-c3ccco3)ccc12)C1CC1,9.0,23.0,0.0,3.0,13.0,0.0,0.0,0.0,0.0,0.0
580,47238c51217e902eafbd0391dac8cc4ce1de81d5,O=C(Nc1n[nH]c2cc(-c3cccs3)ccc12)C1CC1,4.0,58.0,0.0,17.0,0.0,0.0,0.0,0.0,0.0,0.0
581,8b693e4f742f793837f9b576c34ae7d5ee4b86d2,O=C(Nc1n[nH]c2cc(-c3ccoc3)ccc12)C1CC1,6.0,77.0,0.0,0.0,2.0,0.0,0.0,0.0,0.0,0.0
582,e066a8425346fb03f1394309af9838beccc46004,O=C(Nc1n[nH]c2cc(-c3ccsc3)ccc12)C1CC1,0.0,56.0,0.0,3.0,0.0,0.0,0.0,0.0,0.0,0.0
583,48e83b89a0813427a0ee366a9c60684e13359070,O=C(Nc1n[nH]c2nc(-c3ccccc3)ccc12)C1CC1,1.0,8.0,32.0,30.0,12.0,0.0,0.0,0.0,0.0,0.0
584,22e06ff8437d7e86fb6a080ca1eddf10a893b582,O=C(O)COc1ncnc2cc(-c3ccc4[nH]ncc4c3)sc12,0.0,21.0,11.0,2.0,0.0,0.0,0.0,0.0,0.0,0.0
585,8bcf2cbddd91ca811c5a8f9bb44f25360607a248,CC(=O)Nc1ccc(-c2cc3ncnc(SCC(=O)O)c3s2)cc1,2.0,79.0,15.0,5.0,18.0,0.0,0.0,0.0,0.0,0.0
586,0e4fccc5f656838f35de1321fdd61f80b9a36886,Cc1ccc(C(=O)NCC(N)=O)cc1-n1c(C)cc(OCc2ccc(F)cc2F)c(Br)c1=O,11.0,6.0,5.0,26.0,24.0,0.0,0.0,0.0,0.0,0.0
587,2b3ccd031977c4e5228e5383a589867e1fd24bea,O=C1NCCc2[nH]c(-c3ccncc3)cc21,0.0,14.0,0.0,6.0,22.0,0.0,0.0,0.0,0.0,0.0
588,4e48283f9485086d3146eed533d95792f7bf22e5,CN(c1ccccc1CNc1nc(Nc2ccc3c(c2)CC(=O)N3)ncc1C(F)(F)F)S(C)(=O)=O,0.0,38.0,87.0,57.0,94.8,0.0,0.0,1.0,0.0,1.0
589,302bfbc70c0ea726123346bb2c5cf581705e82cb,COc1ccc(-c2cc3c(C)nc(N)nc3n([C@H]3CC[C@H](O)CC3)c2=O)cn1,0.0,0.0,0.0,0.0,0.0,0.0,0.0,0.0,0.0,0.0
590,654fce742417bdd30452b394c694006d0cf4781a,O=C1NC(=O)c2c1c(-c1ccccc1)cc1[nH]c3ccc(O)cc3c21,1.0,43.0,9.0,55.0,96.6,0.0,0.0,0.0,0.0,1.0
591,feb4d1f8995b6486988fe57f703fa3a7e94e6e78,Cn1cc(-c2[nH]c3cc(NC(=O)[C@H](N)C4CCCCC4)cc4c3c2C=NNC4=O)cn1,81.0,99.9,100.0,17.0,14.0,1.0,1.0,1.0,0.0,0.0
592,681040bfbed437441546335085cbac642f37daf4,O=S(=O)(c1ccc(-c2ccnc3[nH]ccc23)cc1)N1CCCC1,33.0,23.0,7.0,0.0,0.0,0.0,0.0,0.0,0.0,0.0
593,563cd6f65c1d810a984691c2d47dfde945312f52,CS(=O)(=O)c1cccc(CNc2nc(Nc3ccc4c(c3)[C@@H]3C[C@@H]4CNC3=O)ncc2C(F)(F)F)c1,5.0,42.0,100.0,81.0,98.2,0.0,0.0,1.0,1.0,1.0
594,b5b40602a420321b9772bd4770b28b4749ec076e,O=c1[nH]cc(-c2ccc(N3CCOCC3)cc2)c2sc(-c3cn[nH]c3)cc12,18.0,76.0,3.0,0.0,0.0,0.0,0.0,0.0,0.0,0.0
595,e767b42388dae250490bbdfa300a0b01b639275d,O=c1cc(N2CCOCC2)nc2n(Cc3cccc4ccccc34)ccn12,0.0,11.0,80.0,0.0,0.0,0.0,0.0,1.0,0.0,0.0
596,a25cba5f36316b7e071523e7e78225807329bd25,CC(C)(CN)c1nc(-c2ccc(Cl)c(O)c2)c(-c2ccncc2)[nH]1,58.5,62.0,99.9,98.65,99.3,0.0,0.0,1.0,1.0,1.0
597,4c4a9d682cda7879b037cd0269f3fddb8509326c,COc1ccc(S(=O)(=O)NC2CCN(c3cc(C)nc(Nc4cccc(C#N)c4)n3)CC2)cc1,18.0,8.0,0.0,0.0,8.0,0.0,0.0,0.0,0.0,0.0
598,dc76a9a32328771fa64cf3944a1c8cc7568f610c,Cc1cc(N2CCC(NS(=O)(=O)c3ccc(F)cc3)CC2)nc(Nc2cccc(C#N)c2)n1,50.0,0.0,29.0,0.0,13.0,0.0,0.0,0.0,0.0,0.0
599,fd099b9d45ff63647574a26845362f3fcf08073c,Cc1occc1-c1ncc(OC[C@@H](N)Cc2c[nH]c3ccccc23)cc1-c1ccc2[nH]nc(C)c2c1,94.3,21.0,84.0,85.0,95.2,1.0,0.0,1.0,1.0,1.0
600,89dbfc5acf481f96efc8e891752611b2586cc743,O=c1[nH]ccc2nc(N[C@@H]3CCNC3)nc(Nc3cc(Cl)cc(Cl)c3)c12,25.0,73.0,51.0,70.0,98.9,0.0,0.0,0.0,0.0,1.0
601,596b11bfafa9416fe96a63fb2359c0d40d0e2ac0,Nc1ncnc2scc(-c3ccc(NC(=O)Cc4cc(F)ccc4F)cc3)c12,80.0,100.0,23.0,81.0,28.0,1.0,1.0,0.0,1.0,0.0
602,a7c280a2009a5f09b3f055a5c7cdf63b5a87f9af,O=c1[nH]ccc2nc(N[C@@H]3CCNC3)nc(Nc3ccc4c(c3)S(=O)(=O)CC4)c12,33.0,73.0,97.5,97.2,99.7,0.0,0.0,1.0,1.0,1.0
603,f30a4c52365586adbbc904dffe5f734111db3b54,CCn1c(-c2nonc2N)nc2c(C#CC(C)(C)O)ncc(OCCCCN)c21,9.0,17.0,1.0,0.0,1.0,0.0,0.0,0.0,0.0,0.0
604,10e40db00f0816094ae3fac8bf9c7f4b97495639,CCn1c(-c2nonc2N)nc2c(-c3ccccc3)ncc(OCCCN)c21,56.0,41.0,91.7,98.7,99.1,0.0,0.0,1.0,1.0,1.0
605,9ae54a62529a9947d07421da50a1fe55cf3c0885,Cc1n[nH]c2ccc(-c3cc(OC[C@@H](N)Cc4ccccc4)cnc3-c3ccoc3)cc12,87.0,26.0,8.0,54.0,97.1,1.0,0.0,0.0,0.0,1.0
606,410250f6e62ab7ab5c88069b61fedce7364fb9a2,NCC(NC(=O)c1cc(-c2cn[nH]c2)c(-c2ccnc3[nH]ccc23)s1)c1ccccc1,4.0,26.0,18.0,0.0,0.0,0.0,0.0,0.0,0.0,0.0
607,e538fc5ef0207d0999d0da559884c6bd016eb775,NCCC(NC(=O)c1cc(Br)c(-c2ccnc3[nH]ccc23)s1)c1ccccc1,19.0,73.0,36.0,0.0,16.0,0.0,0.0,0.0,0.0,0.0
608,885bdaf3869a4a89239fbb4b112c9a556dc94325,NCCCC(NC(=O)c1cc(Br)c(-c2ccnc3[nH]ccc23)s1)c1ccccc1,4.0,22.0,54.0,0.0,14.0,0.0,0.0,0.0,0.0,0.0
609,a945c0f21f30131f6a6a7b54b627fb7e367986d5,Nc1nc(-c2ccc3c(N)n[nH]c3c2)cc(N2CCC[C@@H](C(=O)Nc3ccccc3)C2)n1,24.0,25.0,0.0,0.0,0.0,0.0,0.0,0.0,0.0,0.0
610,c61b5bbbac26d2b79ada103be55caca3b76f38cc,O=c1[nH]ccc2nc(N[C@@H]3CCCNC3)nc(Nc3ccc(S(=O)(=O)N4CCOCC4)cc3)c12,45.0,99.8,99.9,78.0,98.4,0.0,1.0,1.0,0.0,1.0
611,5a6448bf7dff16f093b10f987b1108c2e8ae83d5,Cc1cc(C)cc(Oc2nccc(-c3c(-c4ccc(F)cc4)ncn3C3CCNCC3)n2)c1,26.0,0.0,0.0,0.0,17.0,0.0,0.0,0.0,0.0,0.0
612,422f22c828c5db8df7523287d2ae47be300a5357,Cc1ccc(C)c(Oc2nccc(-c3c(-c4ccc(F)cc4)ncn3C3CCNCC3)n2)c1,47.0,1.0,0.0,21.0,17.0,0.0,0.0,0.0,0.0,0.0
613,aaf94ddcb168cd00426e3df58bcc5bb5020f85a2,O=C1NC(=O)C(c2ccccc2)=C1Nc1ccc(Cl)c(C(=O)O)c1,30.0,0.0,13.0,2.0,0.0,0.0,0.0,0.0,0.0,0.0
614,afaf5e225049eea560121c0226ca842aa731e995,O=C(O)c1ccc(-c2nc(-c3ccc(F)cc3)c(-c3ccncc3)[nH]2)cc1,76.0,19.0,31.0,33.0,12.0,0.0,0.0,0.0,0.0,0.0
615,fa5c06198804e9493ca81e6ca99a37305bbe2e17,O=C1NC(=O)C(c2ccc(Cl)cc2)=C1Nc1cccc(C(=O)O)c1,16.0,0.0,10.0,9.0,11.0,0.0,0.0,0.0,0.0,0.0
616,a4ce1369e2fb5583f9c3bceb3f84474ba5ed1e06,O=C1NC(=O)C(c2ccccc2Cl)=C1Nc1cccc(C(=O)O)c1,12.0,17.0,10.0,0.0,40.0,0.0,0.0,0.0,0.0,0.0
617,ca296e5094ad0e690119aba4db3bc2cbfbf575b6,CNC(=O)c1ccccc1Nc1nc(Nc2cccc(CS(C)(=O)=O)c2)ncc1C,99.0,97.8,100.0,99.8,99.9,1.0,1.0,1.0,1.0,1.0
618,ebbb52dde0fec7b9d2f24bceab288e5ad8445a4b,O=C(CCO)NCCn1ccc2ncnc(Nc3ccc(Oc4cccc(C(F)(F)F)c4)c(Cl)c3)c21,100.0,0.0,0.0,72.0,37.0,1.0,0.0,0.0,0.0,0.0
619,2b1fde2f70a70b00f4da32731452adbe4a17d4f5,OCCCNc1nccc(-c2c(-c3cccc(C(F)(F)F)c3)nn3cc(C(F)(F)F)ccc23)n1,26.0,2.0,11.0,0.0,4.0,0.0,0.0,0.0,0.0,0.0
620,431107fae67597bd8be3b321d525a94d4e71014a,OCCn1cc(-c2cnc3nnn(Cc4ccc5ncccc5c4)c3n2)cn1,0.0,0.0,0.0,18.0,0.0,0.0,0.0,0.0,0.0,0.0
621,704d4f9bca00df0055ae19ff363761a74e723ff1,OCCOCCn1ccc2ncnc(Nc3ccc(Oc4cccc(Cl)c4)c(Cl)c3)c21,100.0,0.0,0.0,74.0,39.0,1.0,0.0,0.0,0.0,0.0
622,c800aa67fc9d87fcd531cd8cc3ad36a348f4a8c0,O=C(Nc1n[nH]c2nc(-c3ccco3)c(Br)cc12)C1CCN(Cc2ccccc2)C1,1.0,22.0,2.0,0.0,8.0,0.0,0.0,0.0,0.0,0.0
623,09b0d7a6182b95ed52053b689287ecdfcfbe90a0,O=C(Nc1n[nH]c2nc(-c3ccco3)c(Br)cc12)c1ccc(CN2CCCC2)cc1,8.0,99.2,28.0,14.0,25.0,0.0,1.0,0.0,0.0,0.0
624,43de8e51d4402a430fdc9977e08a8853fa86b4d0,O=C1NC(=O)C(c2ccccc2)=C1Nc1cc(Cl)c(O)c(Cl)c1,0.0,2.0,0.0,23.0,30.0,0.0,0.0,0.0,0.0,0.0
625,313f6b728b0997a08a77e80248fd8be8c35fad35,Oc1cc(Nc2ccnc3cc(I)ccc23)ccc1F,32.0,70.0,85.0,0.0,16.0,0.0,0.0,1.0,0.0,0.0
626,236e710f1e0ad5e81fb1c83c6afeaf756b295594,O=C1NC(=O)C(c2ccc(Cl)cc2)=C1Nc1ccc(O)cc1,5.0,0.0,0.0,0.0,9.0,0.0,0.0,0.0,0.0,0.0
627,369a0024e297ff1459a919e72330aba6eaa7cea7,O=C1NC(=O)C(c2ccc(Cl)cc2)=C1Nc1ccc(O)c(Cl)c1,9.0,3.0,0.0,4.0,55.0,0.0,0.0,0.0,0.0,0.0
628,89181e29fc75687570242242bd99d146289ddd20,O=c1[nH]cc(-c2ccc(O)cc2)c2sc(-c3ccncc3)cc12,32.0,27.0,29.0,0.0,1.0,0.0,0.0,0.0,0.0,0.0
629,739f9151b51bd940c2a650a2b06f7cf1ea1d63fe,O=C(Nc1n[nH]c2nc(-c3ccc(O)cc3)ccc12)C1CC1,0.0,12.0,0.0,27.0,61.0,0.0,0.0,0.0,0.0,0.0
630,2f3cf38e06a714ae671283171b04686fb2ebb9bd,Oc1ccc2ncnc(Nc3ccc(OCc4ccccc4)cc3)c2c1,100.0,48.0,12.0,0.0,1.0,1.0,0.0,0.0,0.0,0.0
631,213fc3e78298c97cd6bd7ef39f5c31262a5a4ecd,O=C1NC(=O)C(c2ccc(Cl)cc2)=C1Nc1cccc(O)c1,9.0,0.0,6.0,6.0,21.0,0.0,0.0,0.0,0.0,0.0
632,c53fd7e791731498f3646344daa12041b0231479,O=C1NC(=O)C(c2ccccc2)=C1Nc1cccc(O)c1,7.0,10.0,0.0,23.0,51.0,0.0,0.0,0.0,0.0,0.0
633,6eadc49d5eac3742ed6ab48224eb2002c9fac8e2,O=C(Nc1n[nH]c2nc(-c3cccc(O)c3)ccc12)C1CC1,5.0,30.0,0.0,15.0,48.0,0.0,0.0,0.0,0.0,0.0
634,819df9af9eb133492771fc9f0b477630ed3f489b,O=C(Nc1n[nH]c2nc(-c3ccccc3O)ccc12)C1CC1,27.0,0.0,0.0,77.0,49.0,0.0,0.0,0.0,0.0,0.0
635,7cd1297758131c133314589bdf4784df0b3ceb7f,[2H]C([2H])(c1cccc(C(F)(F)F)c1C)n1ccn2c(=O)nc(N3CCOCC3)cc12,28.0,14.0,14.0,0.0,22.0,0.0,0.0,0.0,0.0,0.0
636,a56080bc99550607a5279a3efd6944f7e15ae5f7,c1ccc(-c2cc(-c3c[nH]nc3-c3ccccn3)ccn2)cc1,17.0,9.0,16.0,0.0,0.0,0.0,0.0,0.0,0.0,0.0
637,af5f47383384cf98021fafa2bcfcf9d2dea7cf9c,c1ccc(-c2n[nH]cc2-c2ccnc3ccccc23)nc1,35.0,20.0,0.0,0.0,16.0,0.0,0.0,0.0,0.0,0.0
638,3da806944bc19668f01c206a76bf3c9a4ff33787,c1ccc(-c2ccnc3[nH]ccc23)cc1,17.0,1.0,0.0,0.0,6.0,0.0,0.0,0.0,0.0,0.0
639,bc017f1f959036066d15aea1c8f35ac5104e24ce,c1ccc(-c2cnc3nccnn23)cc1,14.0,5.0,0.0,0.0,11.0,0.0,0.0,0.0,0.0,0.0
